lag_1,lag_2,lag_4,lag_8,ma_4,ma_8,std_4,wow_change,avg_basket,avg_unit_price,total_quantity,avg_margin,n_orders,category_encoded,category_target_enc,revenue,week_start,category
49461.659999999996,43927.51,59609.28,8406.54,50871.5725,51597.305,6498.78553394595,0.1421217969635471,307.01760869565214,160.87233695652174,351,0.34668781372761187,184,0,89904.48566037737,56491.24,2023-02-20,Accessories
56491.24,49461.659999999996,50487.840000000004,62205.12,50092.0625,57607.8925,5147.9843091989405,0.15692379915894916,271.1869709543568,146.9895020746888,440,0.34261120031127257,241,0,89904.48566037737,65356.06,2023-02-27,Accessories
65356.06,56491.24,43927.51,66143.62,53809.1175,58001.76,9256.92921908908,-0.16794219235370067,269.2080198019802,146.22678217821783,366,0.3471065474915163,202,0,89904.48566037737,54380.02,2023-03-06,Accessories
54380.02,65356.06,49461.659999999996,72536.87,56422.244999999995,56531.31,6644.2515820595,0.14638317529121903,272.22855895196506,147.08489082969433,421,0.3335292142611701,229,0,89904.48566037737,62340.34,2023-03-13,Accessories
62340.34,54380.02,56491.24,59609.28,59641.91499999999,55256.743749999994,5084.199134190179,0.10418935796628626,276.4479518072289,154.74421686746987,440,0.3391066501493558,249,0,89904.48566037737,68835.54,2023-03-20,Accessories
68835.54,62340.34,65356.06,50487.840000000004,62727.99,56410.026249999995,6165.706084756245,0.03512589572189029,278.3337890625,150.04609375,477,0.3346354316792154,256,0,89904.48566037737,71253.45,2023-03-27,Accessories
71253.45,68835.54,54380.02,43927.51,64202.337499999994,59005.72749999999,7552.697280982376,-0.08191224424922583,268.102131147541,150.76561475409835,435,0.34966791525783003,244,0,89904.48566037737,65416.92,2023-04-03,Accessories
65416.92,71253.45,62340.34,49461.659999999996,66961.5625,61691.90375,3901.8674089242586,0.07320017512288879,281.94959839357426,152.97995983935743,446,0.3361961461310317,249,0,89904.48566037737,70205.45,2023-04-10,Accessories
70205.45,65416.92,68835.54,56491.24,68927.84,64284.877499999995,2541.37939713856,-0.028633104694863354,290.19255319148937,151.15991489361704,445,0.337007460962656,235,0,89904.48566037737,68195.25,2023-04-17,Accessories
68195.25,70205.45,71253.45,65356.06,68767.7675,65747.87875,2569.1440674328373,-0.05956455911518754,277.6330303030303,151.31826839826837,415,0.339412190603206,231,0,89904.48566037737,64133.23,2023-04-24,Accessories
64133.23,68195.25,65416.92,54380.02,66987.7125,65595.025,2734.19341267072,0.09297754066027841,283.79020242914976,159.46975708502023,447,0.3334398035558994,247,0,89904.48566037737,70096.18,2023-05-01,Accessories
70096.18,64133.23,70205.45,62340.34,68157.5275,67559.545,2837.1789649389334,0.012435342410956007,259.0067518248175,146.00204379562044,483,0.3473795308233425,274,0,89904.48566037737,70967.85,2023-05-08,Accessories
70967.85,70096.18,68195.25,68835.54,68348.1275,68637.98375,3039.044037482615,-0.05840842015081493,266.22601593625495,151.18605577689243,436,0.3336847290394313,251,0,89904.48566037737,66822.73,2023-05-15,Accessories
66822.73,70967.85,64133.23,71253.45,68004.9975,68386.38249999999,3137.933460133485,0.0805710871136216,265.4658455882353,149.22352941176473,482,0.33900606635602326,272,0,89904.48566037737,72206.71,2023-05-22,Accessories
72206.71,66822.73,70096.18,65416.92,70023.3675,68505.54000000001,2302.781921334566,-0.027605329200014905,258.1375735294118,146.80051470588234,479,0.3478128517069069,272,0,89904.48566037737,70213.42,2023-05-29,Accessories
70213.42,72206.71,70967.85,70205.45,70052.6775,69105.1025,2304.7628742726038,0.09195621008063704,268.0768531468531,148.918006993007,517,0.3344105997941898,286,0,89904.48566037737,76669.98,2023-06-05,Accessories
76669.98,70213.42,66822.73,68195.25,71478.20999999999,69913.16875,4113.326948566119,0.04347151257897819,306.5246743295019,156.83329501915708,501,0.34410918136011065,261,0,89904.48566037737,80002.94,2023-06-12,Accessories
80002.94,76669.98,72206.71,64133.23,74773.26250000001,71389.13,4409.324188159886,-0.060977634071947895,268.3019642857143,151.38389285714285,503,0.34041419281852037,280,0,89904.48566037737,75124.55,2023-06-19,Accessories
75124.55,80002.94,70213.42,70096.18,75502.7225,72763.045,4071.6165092370657,0.013115020322917115,276.76294545454545,154.26399999999998,491,0.34891130979615304,275,0,89904.48566037737,76109.81,2023-06-26,Accessories
76109.81,75124.55,76669.98,70967.85,76976.82,73514.74875,2116.141420368721,-0.15601917807967192,263.25909836065574,148.51868852459015,421,0.3403938681625132,244,0,89904.48566037737,64235.22,2023-07-03,Accessories
64235.22,76109.81,80002.94,66822.73,73868.13,72673.17,6758.514857644405,0.05688483669862099,254.26677902621722,145.66322097378278,469,0.3468573747516546,267,0,89904.48566037737,67889.23,2023-07-10,Accessories
67889.23,64235.22,75124.55,72206.71,70839.7025,72806.4825,5728.8285081063395,0.11644453766819862,288.1922433460076,149.61946768060835,502,0.3506401859379367,263,0,89904.48566037737,75794.56,2023-07-17,Accessories
75794.56,67889.23,76109.81,70213.42,71007.205,73254.96375,5903.018849789222,-0.12346453360241161,265.74647999999996,149.40284,441,0.3415067021536832,250,0,89904.48566037737,66436.62,2023-07-24,Accessories
66436.62,75794.56,64235.22,76669.98,68588.9075,72782.86375,5033.153845091431,0.03529122944544749,274.0288844621514,148.11334661354581,461,0.3392093888611633,251,0,89904.48566037737,68781.25,2023-07-31,Accessories
68781.25,66436.62,67889.23,80002.94,69725.415,71796.7725,4159.876459884389,0.017385552021808248,256.3261904761905,145.7630402930403,479,0.3404561308561118,273,0,89904.48566037737,69977.05,2023-08-07,Accessories
69977.05,68781.25,75794.56,75124.55,70247.37,70543.53624999999,3979.7702285182563,-0.03956782973846418,277.71987603305786,157.54466942148758,429,0.3366369439554719,242,0,89904.48566037737,67208.21,2023-08-14,Accessories
67208.21,69977.05,66436.62,76109.81,68100.7825,69553.99375,1586.3520252743392,-0.000480298463536144,258.3689615384615,147.88880769230767,450,0.3441096143568938,260,0,89904.48566037737,67175.93,2023-08-21,Accessories
67175.93,67208.21,68781.25,64235.22,68285.61,68437.25875,1353.8597595517997,0.097974676346126,297.40915322580645,151.30310483870966,469,0.341513799179859,248,0,89904.48566037737,73757.47,2023-08-28,Accessories
73757.47,67175.93,69977.05,67889.23,69529.66500000001,69627.54000000001,3109.325233524732,-0.09378263652481567,260.0789883268483,147.18684824902724,448,0.3461434807069706,257,0,89904.48566037737,66840.3,2023-09-04,Accessories
66840.3,73757.47,67208.21,75794.56,68745.47750000001,69496.42375,3345.466626539858,0.0718033880757567,287.7094779116466,151.66654618473896,472,0.3415850172643669,249,0,89904.48566037737,71639.66,2023-09-11,Accessories
71639.66,66840.3,67175.93,66436.62,69853.34,68977.06125,3400.005124947162,0.06226676676019949,270.8200355871886,153.6797153024911,493,0.3455088123981616,281,0,89904.48566037737,76100.43,2023-09-18,Accessories
76100.43,71639.66,73757.47,68781.25,72084.465,70185.03749999999,3942.3359676931227,0.06313748818502085,267.0139273927393,150.11561056105612,545,0.3389287825802292,303,0,89904.48566037737,80905.22,2023-09-25,Accessories
80905.22,76100.43,66840.3,69977.05,73871.4025,71700.53375,6023.847861372206,0.6769032949913492,272.9783299798793,150.86259557344064,889,0.3369879458094039,497,0,89904.48566037737,135670.23,2023-10-02,Accessories
135670.23,80905.22,71639.66,67208.21,91078.88500000001,79912.18125,29967.366090626543,0.01580302473136519,273.44093253968254,149.84968253968256,903,0.34494021178996537,504,0,89904.48566037737,137814.23,2023-10-09,Accessories
137814.23,135670.23,76100.43,67175.93,107622.5275,88737.93375000001,33693.073799749385,0.018700681344734793,275.2773529411765,150.501431372549,920,0.34963912991413637,510,0,89904.48566037737,140391.45,2023-10-16,Accessories
140391.45,137814.23,80905.22,73757.47,123695.2825,97889.87375,28591.930703594637,0.009935006725836804,279.65727810650884,153.7160355029586,906,0.3360224132971831,507,0,89904.48566037737,141786.24,2023-10-23,Accessories
141786.24,140391.45,135670.23,66840.3,138915.5375,106393.47,2718.0967318003622,0.33615088459923914,266.07838483146065,151.47279494382022,1240,0.3402091365400257,712,0,89904.48566037737,189447.81,2023-10-30,Accessories
189447.81,141786.24,137814.23,71639.66,152359.9325,121719.40875,24779.93586964308,0.17772060811893264,278.8957375,149.83245,1472,0.34225940969384816,800,0,89904.48566037737,223116.59,2023-11-06,Accessories
223116.59,189447.81,140391.45,76100.43,173685.52250000002,140654.02500000002,40074.678743034536,-0.05570123673905192,267.71120711562895,148.06914866581957,1400,0.3377028726235159,787,0,89904.48566037737,210688.72,2023-11-13,Accessories
210688.72,223116.59,141786.24,80905.22,191259.84,157477.56125000003,35792.245195003714,0.11438723439963949,282.53768953068595,151.18755716004813,1537,0.33588984301932434,831,0,89904.48566037737,234788.82,2023-11-20,Accessories
234788.82,210688.72,189447.81,135670.23,214510.485,176713.01124999998,19390.886858815044,-0.22378160936283087,274.4689759036144,152.9493825301205,1194,0.34015759769232573,664,0,89904.48566037737,182247.4,2023-11-27,Accessories
182247.4,234788.82,223116.59,137814.23,212710.3825,182535.1575,22567.136718642243,-0.2176364655956683,273.1488888888889,153.21216475095787,924,0.34415743518197656,522,0,89904.48566037737,142583.72,2023-12-04,Accessories
142583.72,182247.4,210688.72,140391.45,192577.16499999998,183131.34375,39648.03833012128,0.08460054205346879,269.4187804878049,150.45479094076654,1023,0.339711119253306,574,0,89904.48566037737,154646.38,2023-12-11,Accessories
154646.38,142583.72,234788.82,141786.24,178566.58,184913.21,40993.62100095412,0.09594307994794327,270.7406230031949,151.97908945686902,1115,0.34129094805913013,626,0,89904.48566037737,169483.63,2023-12-18,Accessories
169483.63,154646.38,182247.4,189447.81,162240.2825,188375.38375,17289.6755142144,-0.10146938674844286,275.8808514492754,150.83740942028984,1009,0.33718013438815514,552,0,89904.48566037737,152286.23,2023-12-25,Accessories
152286.23,169483.63,142583.72,223116.59,154749.99,183730.18625,11123.235766211805,-0.5625750273022059,275.26363636363635,150.881652892562,435,0.3405008470472605,242,0,89904.48566037737,66613.8,2024-01-01,Accessories
66613.8,152286.23,154646.38,210688.72,135757.51,164167.3375,46720.059209201216,-0.09901326752114425,298.5977611940299,152.09592039800995,390,0.3395397999234216,201,0,89904.48566037737,60018.15,2024-01-08,Accessories
60018.15,66613.8,169483.63,234788.82,112100.45250000001,145333.51625,56831.11695375248,0.2909994726595204,307.4738095238095,152.1954761904762,483,0.3392633784647319,252,0,89904.48566037737,77483.4,2024-01-15,Accessories
77483.4,60018.15,152286.23,182247.4,89100.39500000002,125670.33875,42734.95152842812,-0.19474752011398566,252.60607287449392,144.6255060728745,439,0.3387207820918761,247,0,89904.48566037737,62393.7,2024-01-22,Accessories
62393.7,77483.4,66613.8,142583.72,66627.2625,110688.62625000002,7734.324407834664,-0.10119915953052949,273.5585853658537,150.1380975609756,376,0.3436658165748279,205,0,89904.48566037737,56079.51,2024-01-29,Accessories
56079.51,62393.7,60018.15,154646.38,63993.69,99875.6,9362.538958498495,-0.2149728127082423,284.02541935483873,153.2009677419355,292,0.3355747969296873,155,0,89904.48566037737,44023.94,2024-02-05,Accessories
44023.94,56079.51,77483.4,169483.63,59995.1375,86047.795,13928.432738324409,0.10309686048091105,274.3653672316384,151.55045197740114,323,0.3400746792070396,177,0,89904.48566037737,48562.67,2024-02-12,Accessories
48562.67,44023.94,62393.7,152286.23,52764.955,70932.675,8119.186075268618,-0.1338834952855763,278.54920529801325,145.47311258278145,291,0.33673728253817736,151,0,89904.48566037737,42060.93,2024-02-19,Accessories
42060.93,48562.67,56079.51,66613.8,47681.7625,57154.5125,6225.527675945305,0.3749039785853523,289.14869999999996,154.1753,372,0.33852963234624645,200,0,89904.48566037737,57829.74,2024-02-26,Accessories
57829.74,42060.93,44023.94,60018.15,48119.32,56056.505000000005,7022.939615654965,0.11449472191989796,264.1431967213115,145.06729508196722,453,0.34825457245819874,244,0,89904.48566037737,64450.94,2024-03-04,Accessories
64450.94,57829.74,48562.67,77483.4,53226.07,56610.60375,9892.74371724729,-0.09005935367273155,281.95447115384616,158.04038461538462,363,0.34652077273090326,208,0,89904.48566037737,58646.53,2024-03-11,Accessories
58646.53,64450.94,42060.93,62393.7,55747.034999999996,54255.995,9588.398609641183,0.10077544229812063,283.1432456140351,154.32469298245613,414,0.32898973131038023,228,0,89904.48566037737,64556.66,2024-03-18,Accessories
64556.66,58646.53,57829.74,56079.51,61370.9675,54526.365000000005,3633.0757953136226,-0.06813657955662522,259.3016810344827,149.28857758620688,408,0.3368331019184978,232,0,89904.48566037737,60157.99,2024-03-25,Accessories
60157.99,64556.66,64450.94,44023.94,61953.03,55036.175,3009.6264661142513,0.1684374760526408,273.50525291828797,150.79474708171207,457,0.33291198489411744,257,0,89904.48566037737,70290.85,2024-04-01,Accessories
70290.85,60157.99,58646.53,48562.67,63413.00750000001,58319.53875,5225.8047284248,0.03777034991040784,287.188031496063,155.23027559055117,463,0.34056404904013715,254,0,89904.48566037737,72945.76,2024-04-08,Accessories
72945.76,70290.85,64556.66,42060.93,66987.815,61367.425,5743.523105751541,-0.021832386145541394,288.87927125506076,148.11263157894737,476,0.3306486703101781,247,0,89904.48566037737,71353.18000000001,2024-04-15,Accessories
71353.18000000001,72945.76,60157.99,57829.74,68686.945,65028.956249999996,5789.700594460975,-0.04643142744303774,272.1606,148.25636000000003,448,0.3421321397585271,250,0,89904.48566037737,68040.15,2024-04-22,Accessories
68040.15,71353.18000000001,70290.85,64450.94,70657.485,66305.25749999999,2057.9162385047775,0.21822232902190852,281.932074829932,155.25649659863947,529,0.337397236082447,294,0,89904.48566037737,82888.03,2024-04-29,Accessories
82888.03,68040.15,72945.76,58646.53,73806.78,68609.89375,6389.695650545614,-0.11395493414429081,276.09973684210524,152.5702255639098,482,0.3507253343662673,266,0,89904.48566037737,73442.53,2024-05-06,Accessories
73442.53,82888.03,71353.18000000001,64556.66,73930.9725,70459.39375,6372.185889569334,0.0179788196294437,254.2957142857143,143.28931972789115,518,0.33943045802362426,294,0,89904.48566037737,74762.94,2024-05-13,Accessories
74762.94,73442.53,68040.15,60157.99,74783.4125,71735.17874999999,6136.089932176667,0.025045162750421568,287.0239325842697,154.25385767790263,493,0.3363449448748292,267,0,89904.48566037737,76635.39,2024-05-20,Accessories
76635.39,74762.94,82888.03,70290.85,76932.2225,73794.85375,4181.048226600574,-0.15518039381022264,260.01236947791165,147.02550200803213,442,0.3510724407951721,249,0,89904.48566037737,64743.08,2024-05-27,Accessories
64743.08,76635.39,73442.53,72945.76,72395.985,73101.3825,5267.423218934299,0.06279837165609048,283.16395061728394,149.92732510288064,449,0.34171014181771525,243,0,89904.48566037737,68808.84,2024-06-03,Accessories
68808.84,64743.08,74762.94,71353.18000000001,71237.5625,72584.2675,5466.315766037169,0.15818752357981913,275.7561937716263,144.6953633217993,546,0.3415014747376112,289,0,89904.48566037737,79693.54,2024-06-10,Accessories
79693.54,68808.84,76635.39,68040.15,72470.2125,73626.8125,6895.3943332990875,-0.2325911234461413,251.6770781893004,145.88135802469134,417,0.32685166999540566,243,0,89904.48566037737,61157.53,2024-06-17,Accessories
61157.53,79693.54,64743.08,82888.03,68600.7475,72766.485,8028.624482219426,0.25879331621142976,278.93003623188406,152.0020652173913,498,0.34386196015549164,276,0,89904.48566037737,76984.69,2024-06-24,Accessories
76984.69,61157.53,68808.84,73442.53,71661.15,72028.5675,8392.875404853901,-0.18044159169829743,259.6438271604938,144.05230452674897,429,0.3423020366623136,243,0,89904.48566037737,63093.45,2024-07-01,Accessories
63093.45,76984.69,79693.54,74762.94,70232.3025,70734.9325,9459.113117783638,0.003823059287453967,270.6609401709402,147.2434188034188,433,0.3428575919243215,234,0,89904.48566037737,63334.66,2024-07-08,Accessories
63334.66,63093.45,61157.53,76635.39,66142.5825,69306.39749999999,7293.460112499859,0.09862467091478822,282.849674796748,155.4589430894309,447,0.33284480630063795,246,0,89904.48566037737,69581.02,2024-07-15,Accessories
69581.02,63334.66,76984.69,64743.08,68248.455,68424.60124999999,6552.785395196574,-0.16107625326561759,260.59450892857143,146.08946428571429,401,0.3415461752759691,224,0,89904.48566037737,58373.17,2024-07-22,Accessories
58373.17,69581.02,63093.45,68808.84,63595.575,67628.3625,4597.799183120262,0.041702206681597076,265.5347598253275,147.2396069868996,416,0.3412319889067728,229,0,89904.48566037737,60807.46,2024-07-29,Accessories
60807.46,58373.17,63334.66,79693.54,63024.0775,66628.19,4817.82420298067,-0.0031736237626106556,275.52036363636364,148.71972727272728,406,0.34445486225304267,220,0,89904.48566037737,60614.48,2024-08-05,Accessories
60614.48,60807.46,69581.02,61157.53,62344.0325,64243.3075,4949.550281492884,0.024697234060244266,265.4337179487179,149.79153846153847,420,0.3361139517538507,234,0,89904.48566037737,62111.49,2024-08-12,Accessories
62111.49,60614.48,58373.17,76984.69,60476.65,64362.552500000005,1551.9624459592646,-0.02993890502385299,271.40513513513514,151.16635135135135,406,0.34232260515542895,222,0,89904.48566037737,60251.94,2024-08-19,Accessories
60251.94,62111.49,60807.46,63093.45,60946.3425,62270.95875,810.1819952904871,0.1546049803541596,277.16011952191235,145.34294820717133,480,0.3359843064256087,251,0,89904.48566037737,69567.19,2024-08-26,Accessories
69567.19,60251.94,60614.48,63334.66,63136.275,63080.176250000004,4362.174169215163,0.03539685877782306,266.7764814814815,144.87599999999998,488,0.3392320163129472,270,0,89904.48566037737,72029.65,2024-09-02,Accessories
72029.65,69567.19,62111.49,69581.02,65990.0675,64167.05,5693.324535046268,-0.14008675594008846,263.5712765957447,147.78621276595746,425,0.3363791528399191,235,0,89904.48566037737,61939.25,2024-09-09,Accessories
61939.25,72029.65,60251.94,58373.17,65947.0075,63211.82875,5732.950814501475,0.24493967879817724,269.61758741258745,148.43615384615384,515,0.34236321120358115,286,0,89904.48566037737,77110.63,2024-09-16,Accessories
77110.63,61939.25,69567.19,60807.46,70161.68,65554.01125,6317.673397921245,-0.05436474841406436,262.2968705035971,145.77377697841726,499,0.34811867145266157,278,0,89904.48566037737,72918.53,2024-09-23,Accessories
72918.53,77110.63,72029.65,60614.48,70999.515,67067.895,6433.711347320078,0.7189612846007731,274.87747807017547,153.28076754385964,810,0.3442243231845388,456,0,89904.48566037737,125344.13,2024-09-30,Accessories
125344.13,72918.53,61939.25,62111.49,84328.13500000001,75159.10125,28082.292653700883,0.0983631223895367,280.39382892057023,154.07319755600815,884,0.3439481092931198,491,0,89904.48566037737,137673.37,2024-10-07,Accessories
137673.37,125344.13,77110.63,60251.94,103261.66500000001,84604.33625,33047.35579277466,0.03683915051981379,286.636827309237,151.1320080321285,935,0.3387105977131132,498,0,89904.48566037737,142745.14,2024-10-14,Accessories
142745.14,137673.37,72918.53,69567.19,119670.29250000001,94915.98625000002,32012.909455676832,-0.058937908499021474,281.02937238493723,149.5555439330544,878,0.3448685894075566,478,0,89904.48566037737,134332.04,2024-10-21,Accessories
134332.04,142745.14,125344.13,72029.65,135023.66999999998,103011.5925,7321.517504803136,0.33236471358582786,272.83425304878045,148.45336890243902,1197,0.34769868416468847,656,0,89904.48566037737,178979.27,2024-10-28,Accessories
178979.27,134332.04,137673.37,61939.25,148432.455,116380.295,20656.178024688863,0.011372378488302193,259.33336676217766,148.33436962750716,1214,0.33619487288492206,698,0,89904.48566037737,181014.69,2024-11-04,Accessories
181014.69,178979.27,142745.14,77110.63,159267.785,131264.725,24195.452013999922,0.1456448092693472,291.26199438202246,155.41289325842695,1331,0.3366679647048544,712,0,89904.48566037737,207378.54,2024-11-11,Accessories
207378.54,181014.69,134332.04,72918.53,175426.135,147548.21375,30295.970823798365,-0.04558475529820982,265.6714630872483,152.01561073825505,1297,0.33950275248659767,745,0,89904.48566037737,197925.24,2024-11-18,Accessories
197925.24,207378.54,178979.27,125344.13,191324.435,163174.0525,13662.587051766977,0.009493887692140879,272.9567213114754,151.1664344262295,1306,0.34543002640365544,732,0,89904.48566037737,199804.32,2024-11-25,Accessories
199804.32,197925.24,181014.69,137673.37,196530.6975,172481.57625,11121.803341510598,-0.19184109732962729,273.6841355932204,152.67486440677965,1047,0.3415298855511293,590,0,89904.48566037737,161473.64,2024-12-02,Accessories
161473.64,199804.32,207378.54,142745.14,191645.435,175456.61,20525.359613125176,-0.043566120141962705,269.998006993007,148.78318181818182,1031,0.3371342189833429,572,0,89904.48566037737,154438.86,2024-12-09,Accessories
154438.86,161473.64,197925.24,134332.04,178410.51499999998,176918.325,23804.88298933873,-0.13213487848848393,262.8080392156863,149.5282156862745,895,0.341349086748041,510,0,89904.48566037737,134032.1,2024-12-16,Accessories
134032.1,154438.86,199804.32,178979.27,162437.23,176880.83250000002,27495.776971079387,0.0030529253813078583,263.61037254901964,146.76015686274508,907,0.3474047581802671,510,0,89904.48566037737,134441.29,2024-12-23,Accessories
134441.29,134032.1,161473.64,181014.69,146096.4725,171313.585,13993.392160233901,-0.7423206070099446,283.95696721311475,152.30467213114753,222,0.3456158332476997,122,0,89904.48566037737,34642.75,2024-12-30,Accessories
116696.35,132357.63,194112.32,31222.97,146186.67,141825.1325,33560.92547646545,-0.01115656145200783,415.0878417266187,238.3887050359712,496,0.3273290298882343,278,1,239722.78405660376,115394.42,2023-02-20,Clothing & Apparel
115394.42,116696.35,141580.38,160038.76,126507.195,152346.56375,12664.582419068069,0.35417180484116995,469.26087087087086,253.34822822822824,607,0.32502121276797175,333,1,239722.78405660376,156263.87,2023-02-27,Clothing & Apparel
156263.87,115394.42,132357.63,184116.69,130178.0675,151874.7025,19022.20215883253,-0.03949006254612786,432.54466858789624,245.8851585014409,609,0.3281261944916244,347,1,239722.78405660376,150093.0,2023-03-06,Clothing & Apparel
150093.0,156263.87,116696.35,174475.96,134611.91,147621.74125,21592.828527417798,0.10134310061095464,428.2484196891192,249.05862694300518,672,0.32188455329333593,386,1,239722.78405660376,165303.89,2023-03-13,Clothing & Apparel
165303.89,150093.0,115394.42,194112.32,146763.795,146475.2325,21825.88556002027,-0.17971192329472718,423.74003125,246.51928125,544,0.323896656265685,320,1,239722.78405660376,135596.81,2023-03-20,Clothing & Apparel
135596.81,165303.89,156263.87,141580.38,151814.39250000002,139160.79375,12486.493597869106,0.4112364442791834,470.1699262899263,260.88815724815726,736,0.3255055873149989,407,1,239722.78405660376,191359.16,2023-03-27,Clothing & Apparel
191359.16,135596.81,150093.0,132357.63,160588.215,145383.14125000002,23831.41140504063,-0.09976935517484509,430.66845,252.19555,681,0.3251026750289969,400,1,239722.78405660376,172267.38,2023-04-03,Clothing & Apparel
172267.38,191359.16,165303.89,116696.35,166131.81,150371.86,23145.453720430723,-0.01936808930396472,430.94614795918363,245.46201530612245,689,0.3289343220124897,392,1,239722.78405660376,168930.88999999998,2023-04-10,Clothing & Apparel
168930.88999999998,172267.38,135596.81,115394.42,167038.56,156901.17750000002,23173.2367099333,-0.06606820102587507,459.9706413994169,260.48446064139944,612,0.32926459844046574,343,1,239722.78405660376,157769.93,2023-04-17,Clothing & Apparel
157769.93,168930.88999999998,191359.16,156263.87,172581.83999999997,162198.11625,13969.117667490682,0.06185874583325224,431.7767525773196,257.1604381443299,657,0.3253718015410529,388,1,239722.78405660376,167529.38,2023-04-24,Clothing & Apparel
167529.38,157769.93,172267.38,150093.0,166624.39500000002,163606.305,6228.529713656365,0.173862877066697,457.3407441860465,258.1251162790698,766,0.3227606370067279,430,1,239722.78405660376,196656.52,2023-05-01,Clothing & Apparel
196656.52,167529.38,168930.88999999998,165303.89,172721.68,169426.745,16710.88928415839,-0.02091768938044858,420.39938864628823,243.61652838427946,793,0.3278872829479575,458,1,239722.78405660376,192542.92,2023-05-08,Clothing & Apparel
192542.92,196656.52,157769.93,135596.81,178624.6875,172831.62375,18946.335953032125,0.007207951349236907,460.64313539192403,247.13144893111638,787,0.33244221431870435,421,1,239722.78405660376,193930.76,2023-05-15,Clothing & Apparel
193930.76,192542.92,167529.38,191359.16,187664.89500000002,180123.36750000002,13531.992666205222,-0.03320633611707602,417.57467706013364,240.19467706013364,775,0.3205443451183913,449,1,239722.78405660376,187491.03,2023-05-22,Clothing & Apparel
187491.03,193930.76,196656.52,172267.38,192655.3075,179639.85125,3843.560571356984,0.08524594483266745,443.2982135076253,248.9068845315904,811,0.32892083389444254,459,1,239722.78405660376,203473.88,2023-05-29,Clothing & Apparel
203473.88,187491.03,192542.92,168930.88999999998,194359.64750000002,183540.66375,6676.615502939343,0.023398531546162005,455.656170678337,248.81008752735232,841,0.3264543525732136,457,1,239722.78405660376,208234.87,2023-06-05,Clothing & Apparel
208234.87,203473.88,193930.76,157769.93,198282.635,188453.66125,9334.408758939413,-0.055056100834600885,447.2051590909091,244.53140909090908,795,0.32201812775469996,440,1,239722.78405660376,196770.27,2023-06-12,Clothing & Apparel
196770.27,208234.87,187491.03,167529.38,198992.5125,193328.70375,8994.929835829174,0.10145506229167656,463.10600427350425,249.98647435897436,865,0.32265909765919587,468,1,239722.78405660376,216733.61,2023-06-19,Clothing & Apparel
216733.61,196770.27,203473.88,196656.52,206303.15749999997,199479.2325,8394.573798930434,-0.07543989139478635,432.79319654427644,247.46529157667385,810,0.32611071071433384,463,1,239722.78405660376,200383.25,2023-06-26,Clothing & Apparel
200383.25,216733.61,208234.87,192542.92,205530.5,199945.07375,8870.533673994165,-0.11289526444949871,445.51611528822053,243.34909774436088,738,0.32603885406117733,399,1,239722.78405660376,177760.93,2023-07-03,Clothing & Apparel
177760.93,200383.25,196770.27,193930.76,197912.01499999998,198097.32499999998,15997.17942942333,0.030520204861664624,492.43610215053764,259.3983333333333,683,0.32855570355458186,372,1,239722.78405660376,183186.23,2023-07-10,Clothing & Apparel
183186.23,177760.93,216733.61,187491.03,194516.005,196754.25874999998,17674.302208124038,0.001650124029519029,440.0204076738609,249.23393285371702,730,0.32230660126439326,417,1,239722.78405660376,183488.51,2023-07-17,Clothing & Apparel
183488.51,183186.23,200383.25,203473.88,186204.72999999998,196253.94374999998,9811.85305585029,-0.10541052407041729,420.88946153846155,244.76251282051282,671,0.3248491872976732,390,1,239722.78405660376,164146.89,2023-07-24,Clothing & Apparel
164146.89,183488.51,177760.93,208234.87,177145.63999999998,191338.07,9056.614723165902,-0.03015213995220989,432.6019293478261,249.84614130434784,631,0.3286328853313988,368,1,239722.78405660376,159197.51,2023-07-31,Clothing & Apparel
159197.51,164146.89,183186.23,196770.27,172504.785,185208.4,12671.141213012306,0.13067157897130421,466.3215025906736,251.81943005181347,708,0.3245555339963403,386,1,239722.78405660376,180000.1,2023-08-07,Clothing & Apparel
180000.1,159197.51,183488.51,216733.61,171708.2525,183112.12875000003,11849.361199199333,-0.05283347064807187,460.783972972973,241.96262162162162,679,0.32043411149913065,370,1,239722.78405660376,170490.07,2023-08-14,Clothing & Apparel
170490.07,180000.1,164146.89,200383.25,168458.64250000002,177331.68625,8975.739964219709,-0.015313912417303843,429.3585677749361,242.89281329923273,694,0.32088252448859245,391,1,239722.78405660376,167879.2,2023-08-21,Clothing & Apparel
167879.2,170490.07,159197.51,177760.93,169391.72000000003,173268.68,8562.587872471684,0.16982425458305728,461.0074178403756,255.24284037558684,770,0.3288194893496371,426,1,239722.78405660376,196389.16,2023-08-28,Clothing & Apparel
196389.16,167879.2,180000.1,183186.23,178689.6325,175597.20875000002,12898.176548389472,-0.06210714481389912,443.8361204819277,252.6007469879518,730,0.32506507492151687,415,1,239722.78405660376,184191.99,2023-09-04,Clothing & Apparel
184191.99,196389.16,170490.07,183488.51,179737.60499999998,175722.92875000002,13206.747042913297,0.013000619625207488,442.1483412322275,249.77381516587678,764,0.32354341852108853,422,1,239722.78405660376,186586.6,2023-09-11,Clothing & Apparel
186586.6,184191.99,167879.2,164146.89,183761.7375,176110.19,11830.353077149659,-0.11360086951581727,415.55326633165834,237.32701005025123,705,0.32106299616642275,398,1,239722.78405660376,165390.2,2023-09-18,Clothing & Apparel
165390.2,186586.6,196389.16,159197.51,183139.48750000002,176265.60375,12956.09733182377,0.2424295998190944,421.9418480492813,246.09735112936346,826,0.32357950501739674,487,1,239722.78405660376,205485.68,2023-09-25,Clothing & Apparel
205485.68,165390.2,184191.99,180000.1,185413.6175,182051.625,16398.10154740758,0.6454924255549097,420.0312173913044,242.90116770186336,1389,0.3229719849771852,805,1,239722.78405660376,338125.13,2023-10-02,Clothing & Apparel
338125.13,205485.68,186586.6,170490.07,223896.90250000003,201817.25374999997,77893.41859618452,0.05550187884585811,433.64727825030377,247.95719319562573,1450,0.3270916395868163,823,1,239722.78405660376,356891.71,2023-10-09,Clothing & Apparel
356891.71,338125.13,165390.2,167879.2,266473.18,225117.45875000002,95300.8508323226,0.09086703078645342,435.97021276595746,248.01993281075028,1587,0.32790132056073357,893,1,239722.78405660376,389321.4,2023-10-16,Clothing & Apparel
389321.4,356891.71,205485.68,196389.16,322455.98,252797.73375,80796.81766881215,-0.15362659232192233,447.0980732700135,249.16858887381275,1317,0.3225847068317907,737,1,239722.78405660376,329511.27999999997,2023-10-23,Clothing & Apparel
329511.27999999997,389321.4,338125.13,184191.99,353462.38,269437.99875,26498.5285653237,0.4701245735806072,443.2046020128088,247.15135407136322,1955,0.32328476522613897,1093,1,239722.78405660376,484422.63,2023-10-30,Clothing & Apparel
484422.63,329511.27999999997,356891.71,186586.6,390036.755,306966.82875,67505.88187785157,0.15612138103457296,446.9683639265762,246.96646448523543,2252,0.32259841803193817,1253,1,239722.78405660376,560051.36,2023-11-06,Clothing & Apparel
560051.36,484422.63,389321.4,165390.2,440826.6675,353649.92374999996,101913.43274652715,0.010050506796376757,449.30910246227165,247.8786656076251,2258,0.32359586067886903,1259,1,239722.78405660376,565680.16,2023-11-13,Clothing & Apparel
565680.16,560051.36,329511.27999999997,205485.68,484916.35750000004,403686.16875,110028.84814835207,0.040565237430282064,448.9909305873379,251.85158657513347,2337,0.32763227527277133,1311,1,239722.78405660376,588627.11,2023-11-20,Clothing & Apparel
588627.11,565680.16,484422.63,338125.13,549695.315,451578.84750000003,45236.309187596045,-0.22983051188383075,427.6817358490566,248.61571698113204,1818,0.32348608845586113,1060,1,239722.78405660376,453342.64,2023-11-27,Clothing & Apparel
453342.64,588627.11,560051.36,356891.71,541925.3175,465981.03625,60334.60625184005,-0.0834951903046226,456.58319780219784,249.78383516483518,1692,0.32492716611853384,910,1,239722.78405660376,415490.71,2023-12-04,Clothing & Apparel
415490.71,453342.64,565680.16,389321.4,505785.155,473305.91125,84367.26321971763,-0.03604135938442532,436.29178649237474,246.06554466230938,1630,0.32369152985096283,918,1,239722.78405660376,400515.86,2023-12-11,Clothing & Apparel
400515.86,415490.71,588627.11,329511.27999999997,464494.07999999996,474705.21875,85689.17990189866,0.028327891934167182,439.0848933901919,245.35995735607676,1652,0.32716544094174693,938,1,239722.78405660376,411861.63,2023-12-18,Clothing & Apparel
411861.63,400515.86,453342.64,484422.63,420302.71,484999.0125,22931.518214703778,0.02101103712914454,435.31601449275365,246.22630434782607,1706,0.32437983608800997,966,1,239722.78405660376,420515.27,2023-12-25,Clothing & Apparel
420515.27,411861.63,415490.71,560051.36,412095.86750000005,477010.5925,8496.327343100445,-0.6052114350092448,424.58982097186697,244.96393861892582,688,0.3259058766810803,391,1,239722.78405660376,166014.62,2024-01-01,Clothing & Apparel
166014.62,420515.27,400515.86,565680.16,349726.845,427756.0,122748.3038309122,0.17426844695967159,480.16189655172417,252.8427832512315,761,0.32199017601678276,406,1,239722.78405660376,194945.73,2024-01-08,Clothing & Apparel
194945.73,166014.62,411861.63,588627.11,298334.3125,381414.19625000004,136643.49991738432,-0.14445117623248283,433.2093246753247,246.64218181818183,691,0.3222337150072136,385,1,239722.78405660376,166785.59,2024-01-15,Clothing & Apparel
166785.59,194945.73,420515.27,453342.64,237065.3025,328684.00625,123038.45799333433,0.14566720062566563,464.9167396593674,250.792603406326,751,0.3242545526305373,411,1,239722.78405660376,191080.78,2024-01-22,Clothing & Apparel
191080.78,166785.59,166014.62,415490.71,179706.68,295901.27375,15449.119387465169,-0.22002197185923145,450.2683081570997,256.63821752265864,578,0.33051462833008677,331,1,239722.78405660376,149038.81,2024-01-29,Clothing & Apparel
149038.81,191080.78,194945.73,400515.86,175462.7275,262594.78625,21579.520241413586,-0.1955776485332914,435.96418181818177,251.70883636363635,480,0.33553954846942075,275,1,239722.78405660376,119890.15,2024-02-05,Clothing & Apparel
119890.15,149038.81,166785.59,411861.63,156698.8325,227516.5725,29985.641246231797,0.010786040387805063,447.17081180811806,250.5511439114391,493,0.32147321704724285,271,1,239722.78405660376,121183.29,2024-02-12,Clothing & Apparel
121183.29,119890.15,191080.78,420515.27,145298.2575,191181.78,33352.33466953581,0.10130926466842083,450.87932432432433,260.3845608108108,517,0.32451082898418215,296,1,239722.78405660376,133460.28,2024-02-19,Clothing & Apparel
133460.28,121183.29,149038.81,166014.62,130893.13249999999,155299.90625,13554.857966686986,0.17063496345129803,476.3209451219512,254.55469512195123,613,0.3262450418904995,328,1,239722.78405660376,156233.27,2024-02-26,Clothing & Apparel
156233.27,133460.28,119890.15,194945.73,132691.7475,154077.23750000002,16843.58845776014,0.09780631231747261,477.7545125348189,259.9990807799443,653,0.3237453460284338,359,1,239722.78405660376,171513.87,2024-03-04,Clothing & Apparel
171513.87,156233.27,121183.29,166785.59,145597.6775,151148.255,22569.47493553009,0.029342116762918424,456.1923772609819,244.15687338501294,731,0.32467250699119726,387,1,239722.78405660376,176546.45,2024-03-11,Clothing & Apparel
176546.45,171513.87,133460.28,191080.78,159438.4675,152368.3625,19353.190327495144,-0.1018339366212122,453.0515142857143,254.91891428571427,614,0.32289951472786776,350,1,239722.78405660376,158568.03,2024-03-18,Clothing & Apparel
158568.03,176546.45,156233.27,149038.81,165715.405,148304.26875,9864.576113504572,-0.00524380608121322,445.583418079096,256.5582768361582,626,0.3245864045620767,354,1,239722.78405660376,157736.53,2024-03-25,Clothing & Apparel
157736.53,158568.03,171513.87,119890.15,166091.22,149391.48375,9400.641824681874,0.0890801896047797,443.89594315245483,248.88837209302326,683,0.3269807424906952,387,1,239722.78405660376,171787.73,2024-04-01,Clothing & Apparel
171787.73,157736.53,176546.45,121183.29,166159.685,155878.68125000002,9454.144478844088,0.17028067138438807,462.1605977011494,244.06259770114943,817,0.32172716923017564,435,1,239722.78405660376,201039.86,2024-04-08,Clothing & Apparel
201039.86,171787.73,158568.03,133460.28,172283.0375,165860.7525,20222.944732728247,-0.20613658405850455,406.1022646310433,239.55312977099237,667,0.32766167455056144,393,1,239722.78405660376,159598.19,2024-04-15,Clothing & Apparel
159598.19,201039.86,157736.53,156233.27,172540.5775,169127.99125000002,19995.341948861846,0.043435580315791755,458.76151515151514,250.4132782369146,654,0.3236387963675615,363,1,239722.78405660376,166530.43,2024-04-22,Clothing & Apparel
166530.43,159598.19,171787.73,171513.87,174739.0525,170415.13625,18230.65166363819,-0.006799658176586787,405.38745098039215,243.46735294117644,680,0.31933711206791554,408,1,239722.78405660376,165398.08,2024-04-29,Clothing & Apparel
165398.08,166530.43,201039.86,176546.45,173141.63999999998,169650.66249999998,18845.039455241866,0.11633611466348359,441.7221291866029,251.67665071770335,734,0.3242130701057493,418,1,239722.78405660376,184639.85,2024-05-06,Clothing & Apparel
184639.85,165398.08,159598.19,158568.03,169041.6375,170662.3375,10833.045251213936,0.027542320902015582,459.383196125908,249.6752784503632,739,0.32544557853643835,413,1,239722.78405660376,189725.26,2024-05-13,Clothing & Apparel
189725.26,184639.85,166530.43,157736.53,176573.405,174556.99125,12433.664793422296,0.12220908275471598,452.0412101910828,249.19779193205946,846,0.3279163516184686,471,1,239722.78405660376,212911.41,2024-05-20,Clothing & Apparel
212911.41,189725.26,165398.08,171787.73,188168.65,181453.85124999998,19541.22560703277,-0.12067483842223403,436.4064335664335,249.64531468531467,754,0.3271459645123503,429,1,239722.78405660376,187218.36,2024-05-27,Clothing & Apparel
187218.36,212911.41,184639.85,201039.86,193623.72,183382.68,13024.995621425442,0.12372392323060621,457.35163043478263,248.48010869565218,840,0.32281038182005856,460,1,239722.78405660376,210381.75,2024-06-03,Clothing & Apparel
210381.75,187218.36,189725.26,159598.19,200059.195,184550.41625,13458.724905130648,-0.14310708984976117,433.35247596153846,246.08134615384614,743,0.3287000509500405,416,1,239722.78405660376,180274.63,2024-06-10,Clothing & Apparel
180274.63,210381.75,212911.41,166530.43,197696.5375,187134.97125,16388.22774658411,0.0855535246418202,442.75511312217196,255.7333936651584,768,0.3219604167643,442,1,239722.78405660376,195697.76,2024-06-17,Clothing & Apparel
195697.76,180274.63,187218.36,165398.08,193393.125,190780.88749999998,12963.376048755654,-0.01976358850504989,449.25074941451993,253.24634660421546,784,0.33249212034912157,427,1,239722.78405660376,191830.07,2024-06-24,Clothing & Apparel
191830.07,195697.76,210381.75,184639.85,194546.0525,194084.88625,12425.052737528984,-0.003272114741969312,457.42196172248805,256.7725358851675,764,0.32651259303066177,418,1,239722.78405660376,191202.38,2024-07-01,Clothing & Apparel
191202.38,191830.07,180274.63,189725.26,189751.21,194905.2025,6623.055152713578,-0.14462393198243662,417.2192346938776,232.97869897959183,696,0.31929712003390237,392,1,239722.78405660376,163549.94,2024-07-08,Clothing & Apparel
163549.94,191202.38,195697.76,212911.41,185570.0375,191633.2875,14814.03327800068,0.044107628532300325,443.5421818181818,254.9894025974026,664,0.32112734087881134,385,1,239722.78405660376,170763.74,2024-07-15,Clothing & Apparel
170763.74,163549.94,191830.07,187218.36,179336.5325,186364.82875000002,14371.222288153247,0.014508056569854988,444.2081794871795,252.64051282051284,673,0.32426477465633663,390,1,239722.78405660376,173241.19,2024-07-22,Clothing & Apparel
173241.19,170763.74,191202.38,210381.75,174689.3125,184617.6825,11751.2296687246,0.11742415299733278,467.5939371980677,254.63538647342995,755,0.32347561297185967,414,1,239722.78405660376,193583.89,2024-07-29,Clothing & Apparel
193583.89,173241.19,163549.94,180274.63,175284.69,182517.95,12873.486439905146,-0.06488277511109009,457.1303787878788,246.347297979798,741,0.3246216327063114,396,1,239722.78405660376,181023.63,2024-08-05,Clothing & Apparel
181023.63,193583.89,170763.74,195697.76,179653.1125,182611.575,10264.478774919813,-0.02456452784644747,474.66900537634405,249.7294623655914,691,0.33005690529867265,372,1,239722.78405660376,176576.87,2024-08-12,Clothing & Apparel
176576.87,181023.63,173241.19,191830.07,181106.395,180221.46375000002,8908.287862774425,0.08575341719444918,450.0444600938967,241.82514084507042,796,0.3219129160411728,426,1,239722.78405660376,191718.94,2024-08-19,Clothing & Apparel
191718.94,176576.87,193583.89,191202.38,185725.83250000002,180207.5725,8235.70738426145,-0.07999199244477362,439.85775561097256,259.2396259351621,689,0.32326784207043835,401,1,239722.78405660376,176382.96,2024-08-26,Clothing & Apparel
176382.96,191718.94,181023.63,163549.94,181425.6,178355.145,7189.177723478122,0.11446774677100335,432.02883516483513,246.62613186813186,802,0.3296629701734177,455,1,239722.78405660376,196573.12,2024-09-02,Clothing & Apparel
196573.12,176382.96,176576.87,170763.74,185312.9725,182483.04249999998,10390.571871873975,0.16693813477651487,456.04109343936386,244.3082703777336,930,0.322146047995157,503,1,239722.78405660376,229388.67,2024-09-09,Clothing & Apparel
229388.67,196573.12,191718.94,173241.19,198515.92250000002,189811.15875,22308.204917210263,-0.12557006411868554,445.7429333333333,255.37439999999998,796,0.32715970411540973,450,1,239722.78405660376,200584.32,2024-09-16,Clothing & Apparel
200584.32,229388.67,176382.96,193583.89,200732.2675,193229.05000000002,21843.371049064535,0.025695378382517564,456.1827272727273,249.3780487804878,801,0.32121797719185574,451,1,239722.78405660376,205738.41,2024-09-23,Clothing & Apparel
205738.41,200584.32,196573.12,181023.63,208071.13,194748.365,14698.476703233046,0.6484562605495008,450.39942895086324,252.72374501992033,1342,0.3265245217617714,753,1,239722.78405660376,339150.77,2024-09-30,Clothing & Apparel
339150.77,205738.41,229388.67,176576.87,243715.5425,214514.2575,64847.78811667446,0.02742013529852816,436.10804755944935,241.97852315394243,1441,0.32654508284071065,799,1,239722.78405660376,348450.33,2024-10-07,Clothing & Apparel
348450.33,339150.77,200584.32,191718.94,273480.9575,235998.44,81314.00778755835,0.046748786261731956,459.94950819672135,254.66163934426228,1416,0.32718917190215363,793,1,239722.78405660376,364739.96,2024-10-14,Clothing & Apparel
364739.96,348450.33,205738.41,176382.96,314519.86750000005,257626.0675,73288.06367106328,0.031202613500313836,447.7628571428571,250.08307142857143,1516,0.3239125084925495,840,1,239722.78405660376,376120.8,2024-10-21,Clothing & Apparel
376120.8,364739.96,339150.77,196573.12,357115.46499999997,282593.2975,16504.045094851375,0.1519302575130117,443.9189856557377,252.15173155737705,1716,0.32424556762775225,976,1,239722.78405660376,433264.93,2024-10-28,Clothing & Apparel
433264.93,376120.8,348450.33,229388.67,380644.005,312179.77375,36872.720217415655,0.31525397174426284,439.362698535081,244.02640709329222,2333,0.3246682503142178,1297,1,239722.78405660376,569853.42,2024-11-04,Clothing & Apparel
569853.42,433264.93,364739.96,200584.32,435994.7775,354737.8675,94141.25988453907,-0.006175079198436739,425.1760735735736,251.4319069069069,2267,0.32499798894702314,1332,1,239722.78405660376,566334.53,2024-11-11,Clothing & Apparel
566334.53,569853.42,376120.8,205738.41,486393.42,400456.64375000005,97191.97470192116,-0.01072752883353234,419.9843778110945,241.91174662668666,2319,0.3237653505761541,1334,1,239722.78405660376,560259.16,2024-11-18,Clothing & Apparel
560259.16,566334.53,433264.93,339150.77,532428.01,444771.73750000005,66227.39301725883,0.041314665877127066,450.85477588871714,252.8162055641422,2313,0.3259322404627437,1294,1,239722.78405660376,583406.08,2024-11-25,Clothing & Apparel
583406.08,560259.16,569853.42,348450.33,569963.2975,475303.65125,9798.957641763647,-0.27855071376698703,454.5333693304536,251.67491360691145,1672,0.3293623221756151,926,1,239722.78405660376,420897.9,2024-12-02,Clothing & Apparel
420897.9,583406.08,566334.53,364739.96,532724.4175,484359.59750000003,75192.20402130719,-0.0597237239720132,440.22281423804225,251.8932146829811,1585,0.3239365226367112,899,1,239722.78405660376,395760.31,2024-12-09,Clothing & Apparel
395760.31,420897.9,560259.16,376120.8,490080.8625,488237.14125,95424.03363514262,0.09038473312293505,461.53048128342243,256.8662245989305,1684,0.32784286445945166,935,1,239722.78405660376,431531.0,2024-12-16,Clothing & Apparel
431531.0,395760.31,583406.08,433264.93,457898.8225,495163.41625,85005.09151442345,-0.00803089465183271,444.97444906444906,249.12341995841996,1713,0.32223951050062566,962,1,239722.78405660376,428065.42,2024-12-23,Clothing & Apparel
428065.42,431531.0,420897.9,569853.42,419063.6575,494513.47750000004,16154.223466051286,-0.7370850464865861,437.91750972762645,241.92459143968873,459,0.32566511370650897,257,1,239722.78405660376,112544.8,2024-12-30,Clothing & Apparel
249946.34,229419.96,331187.01,61374.770000000004,272084.655,275016.51625,44105.80847786115,-0.08768530077295789,974.485982905983,574.0243162393162,403,0.14316777129011315,234,2,473181.2506603774,228029.72,2023-02-20,Electronics
228029.72,249946.34,277785.31,340035.51,246295.33250000002,295848.385,23261.981398335163,0.20045496701044052,999.0489416058393,570.0571167883212,476,0.14180576647279317,274,2,473181.2506603774,273739.41,2023-02-27,Electronics
273739.41,228029.72,229419.96,340559.08,245283.85749999998,287561.3725,21454.0261637334,0.14978847948857643,983.5700625,572.49171875,558,0.13669977411270479,320,2,473181.2506603774,314742.42,2023-03-06,Electronics
314742.42,273739.41,249946.34,369824.15,266614.4725,284334.29,37119.95793579458,-0.027033089470430927,1007.348552631579,551.3084210526316,556,0.13980287722144297,304,2,473181.2506603774,306233.96,2023-03-13,Electronics
306233.96,314742.42,228029.72,331187.01,280686.37749999994,276385.51625,39300.02942693759,0.12219151004676299,1013.7261061946904,569.6870206489675,599,0.14182505675819781,339,2,473181.2506603774,343653.15,2023-03-20,Electronics
343653.15,306233.96,273739.41,277785.31,309592.235,277943.78375,28771.35964593798,-0.03757247678364073,1020.8063271604939,566.8947839506172,580,0.139079351999983,324,2,473181.2506603774,330741.25,2023-03-27,Electronics
330741.25,343653.15,314742.42,229419.96,323842.695,284563.27625,16662.600254971523,0.09425210795448113,1008.1178551532033,578.7598885793872,625,0.1374918831439204,359,2,473181.2506603774,361914.31,2023-04-03,Electronics
361914.31,330741.25,306233.96,249946.34,335635.66750000004,301125.07,23404.15065652892,-0.02479705762394413,1053.5519402985076,600.3074626865672,600,0.14095197373646678,335,2,473181.2506603774,352939.9,2023-04-10,Electronics
352939.9,361914.31,343653.15,228029.72,347312.1525,313999.265,13327.63613121388,0.0013626115947784623,1074.227416413374,576.9667477203648,621,0.1383481271091485,329,2,473181.2506603774,353420.82,2023-04-17,Electronics
353420.82,352939.9,330741.25,273739.41,349754.07,329673.15249999997,13328.582439772545,0.030979018157447635,1020.6427170868348,573.9285154061625,656,0.13924563741146853,357,2,473181.2506603774,364369.45,2023-04-24,Electronics
364369.45,353420.82,361914.31,314742.42,358161.12,341001.9075,5841.272091575126,-0.010638433051947671,1032.9316045845271,581.4140401146132,631,0.13836221135594015,349,2,473181.2506603774,360493.13,2023-05-01,Electronics
360493.13,364369.45,352939.9,306233.96,357805.825,346720.74624999997,5573.995462841807,0.03365104350254877,1009.8214092140921,564.3657452574525,665,0.14059279173581335,369,2,473181.2506603774,372624.1,2023-05-08,Electronics
372624.1,360493.13,353420.82,343653.15,362726.875,355019.51375,8005.110695036119,0.000772521154697392,1032.9971191135735,578.5574792243767,647,0.13867834107657637,361,2,473181.2506603774,372911.96,2023-05-15,Electronics
372911.96,372624.1,364369.45,330741.25,367599.66000000003,358676.865,6175.288222386813,0.025747095909715467,1053.7558126721763,579.1438292011019,655,0.13871836590246373,363,2,473181.2506603774,382513.36,2023-05-22,Electronics
382513.36,372911.96,360493.13,361914.31,372135.6375,365148.37875000003,9020.095664912615,-0.07885959852487234,998.1544192634561,570.337790368272,612,0.14194216632092302,353,2,473181.2506603774,352348.51,2023-05-29,Electronics
352348.51,382513.36,372624.1,352939.9,370099.4825,363952.65375,12694.947846684587,0.024027035051177092,1010.6845938375351,573.7989635854342,622,0.13819252945631075,357,2,473181.2506603774,360814.4,2023-06-05,Electronics
360814.4,352348.51,372911.96,353420.82,367147.0575,364936.96625,13272.238099106507,0.13059287545064713,1030.1368434343435,578.119191919192,705,0.13771328768175928,396,2,473181.2506603774,407934.19,2023-06-12,Electronics
407934.19,360814.4,382513.36,364369.45,375902.61500000005,371751.1375,24847.359622791264,0.008678507677917446,1065.9959844559585,577.9379015544041,711,0.1359765432595055,386,2,473181.2506603774,411474.45,2023-06-19,Electronics
411474.45,407934.19,352348.51,360493.13,383142.8875,377639.2625,30898.44199409916,-0.17955919255739938,964.5440857142856,580.2338571428571,590,0.14020359427875803,350,2,473181.2506603774,337590.43,2023-06-26,Electronics
337590.43,411474.45,360814.4,372624.1,379453.3675,374776.42500000005,36223.48971014679,0.0746748063918754,1024.858559322034,576.6771186440678,637,0.1380007939584967,354,2,473181.2506603774,362799.93,2023-07-03,Electronics
362799.93,337590.43,407934.19,372911.96,379949.75,373548.40375,35895.05030454969,-0.0649554425217227,1050.2603715170278,602.6775232198142,572,0.140833136470252,323,2,473181.2506603774,339234.1,2023-07-10,Electronics
339234.1,362799.93,411474.45,382513.36,362774.7275,369338.67125,34448.38453108905,0.14253962086948224,1033.5690666666667,571.20984,702,0.1408400832390379,375,2,473181.2506603774,387588.4,2023-07-17,Electronics
387588.4,339234.1,337590.43,352348.51,356803.21499999997,369973.05124999996,23533.61507585087,0.015292021123439081,1027.4553785900782,571.3762402088773,689,0.13943165787975306,383,2,473181.2506603774,393515.41,2023-07-24,Electronics
393515.41,387588.4,362799.93,360814.4,370784.46,375118.91375,24888.058869510416,-0.046265329228148855,1028.2446301369862,598.5110410958904,643,0.14127571637230318,365,2,473181.2506603774,375309.29,2023-07-31,Electronics
375309.29,393515.41,339234.1,407934.19,373911.80000000005,376930.775,24330.000467065678,-0.11486451614347193,968.5118658892128,562.0009912536443,595,0.14049023246677694,343,2,473181.2506603774,332199.57,2023-08-07,Electronics
332199.57,375309.29,387588.4,411474.45,372153.1675,367463.9475,27693.819222496324,0.14087001978961022,1024.314945945946,565.9062432432432,678,0.14102548019658678,370,2,473181.2506603774,378996.53,2023-08-14,Electronics
378996.53,332199.57,393515.41,337590.43,370005.2,363404.2075,26400.587239921042,-0.17446376092150506,968.6543962848297,544.9272755417957,571,0.14060582859202017,323,2,473181.2506603774,312875.37,2023-08-21,Electronics
312875.37,378996.53,375309.29,362799.93,349845.19,360314.82499999995,32538.984355295204,0.3298035892055038,1048.017103274559,584.7725944584383,727,0.13903051084950419,397,2,473181.2506603774,416062.79,2023-08-28,Electronics
416062.79,312875.37,332199.57,339234.1,360033.565,366972.6825,46538.495638950844,-0.09652295510492537,978.91453125,563.7087760416667,677,0.14613523534664405,384,2,473181.2506603774,375903.18,2023-09-04,Electronics
375903.18,416062.79,378996.53,387588.4,370959.46749999997,371556.3175,42806.17848644485,0.05942937221228073,1018.5239641943734,589.8101278772378,690,0.142985408139614,391,2,473181.2506603774,398242.87,2023-09-11,Electronics
398242.87,375903.18,312875.37,393515.41,375771.0525,372888.12625000003,45034.39806540228,-0.004576554000828681,1008.7030279898219,574.3055470737913,690,0.13901743043855755,393,2,473181.2506603774,396420.29,2023-09-18,Electronics
396420.29,398242.87,416062.79,375309.29,396657.2825,373251.23624999996,16430.426501649763,0.07117768871013141,1013.4524343675417,585.2610739856802,726,0.14139832588572684,419,2,473181.2506603774,424636.57,2023-09-25,Electronics
424636.57,396420.29,375903.18,332199.57,398800.7275,379417.14625,19981.375719081912,0.5617383825420406,1031.370497667185,570.3043856920684,1165,0.13923560095222487,643,2,473181.2506603774,663171.23,2023-10-02,Electronics
663171.23,424636.57,398242.87,378996.53,470617.74,420788.60375,129014.85431242474,0.043378148355440516,1022.0655391432791,572.4671344165436,1211,0.14144102103733225,677,2,473181.2506603774,691938.37,2023-10-09,Electronics
691938.37,663171.23,396420.29,312875.37,544041.615,459906.33375,155042.93564019195,0.018932480937572604,1036.821294117647,585.1775882352941,1206,0.14227301797753922,680,2,473181.2506603774,705038.48,2023-10-16,Electronics
705038.48,691938.37,424636.57,416062.79,621196.1625,508926.72250000003,132201.32856258765,0.048332950564627275,1023.705083102493,567.3794459833796,1307,0.13815738297435198,722,2,473181.2506603774,739115.07,2023-10-23,Electronics
739115.07,705038.48,663171.23,375903.18,699815.7875,549308.2575000001,31499.13979145488,0.359537913359012,1034.8660762100926,583.9988362512873,1742,0.13826401941486027,971,2,473181.2506603774,1004854.96,2023-10-30,Electronics
1004854.96,739115.07,691938.37,398242.87,785236.72,627927.23,147756.2381663807,0.1565176729584934,1031.173487133984,575.0918456078083,2035,0.1405183051733427,1127,2,473181.2506603774,1162132.52,2023-11-06,Electronics
1162132.52,1004854.96,705038.48,396420.29,902785.2575,723413.43625,218762.3863332106,-0.084710545747399,988.5572862453531,575.4436059479553,1874,0.13912255271490873,1076,2,473181.2506603774,1063687.64,2023-11-13,Electronics
1063687.64,1162132.52,739115.07,424636.57,992447.5474999999,806821.855,180923.03033147196,0.05484129720638675,1040.836410018553,585.3321057513915,1930,0.14016321488515057,1078,2,473181.2506603774,1122021.65,2023-11-20,Electronics
1122021.65,1063687.64,1004854.96,663171.23,1088174.1925,893994.99,68695.39126592781,-0.13600537030635718,1005.6231120331951,576.7878423236515,1707,0.14058188281070763,964,2,473181.2506603774,969420.68,2023-11-27,Electronics
969420.68,1122021.65,1162132.52,691938.37,1079315.6225,932276.17125,83673.12495749095,-0.16196104873686,981.1742632850242,567.8153140096618,1457,0.1398944760451654,828,2,473181.2506603774,812412.29,2023-12-04,Electronics
812412.29,969420.68,1063687.64,705038.48,991885.565,947335.41125,135161.95975041972,-0.014073863899818684,980.3898531211751,574.8278335373317,1427,0.14117188098236028,817,2,473181.2506603774,800978.51,2023-12-11,Electronics
800978.51,812412.29,1122021.65,739115.07,926208.2825000001,959327.915,151484.00357667066,0.03381528925164301,1017.2774324324324,593.8910073710074,1392,0.13908932577815816,814,2,473181.2506603774,828063.83,2023-12-18,Electronics
828063.83,800978.51,969420.68,1004854.96,852718.8275000001,970446.51,78589.37311302932,-0.015289606358002472,1014.1829104477613,577.7926368159204,1426,0.14036464611375005,804,2,473181.2506603774,815403.06,2023-12-25,Electronics
815403.06,828063.83,812412.29,1162132.52,814214.4225000001,946765.0225,11130.378976221313,-0.5773742497360753,998.8705217391305,570.355884057971,619,0.14234134197392254,345,2,473181.2506603774,344610.33,2024-01-01,Electronics
344610.33,815403.06,800978.51,1063687.64,697263.9325,844574.74875,235362.65887257436,-0.13267367812218522,986.4343564356435,574.4571287128713,519,0.14298599857292274,303,2,473181.2506603774,298889.61,2024-01-08,Electronics
298889.61,344610.33,828063.83,1122021.65,571741.7075,748974.995,289314.6009336729,0.03555737517941848,973.3249685534591,543.891823899371,576,0.13686678161001525,318,2,473181.2506603774,309517.34,2024-01-15,Electronics
309517.34,298889.61,815403.06,969420.68,442105.085,647411.95625,249630.9194225689,0.15172778365179784,1015.6117378917378,569.9824786324787,632,0.13919768576139863,351,2,473181.2506603774,356479.72,2024-01-22,Electronics
356479.72,309517.34,344610.33,812412.29,327374.25,570794.3362499999,27534.5527677788,-0.25331348442486434,1000.6714285714285,593.5281954887218,453,0.14135098321299938,266,2,473181.2506603774,266178.6,2024-01-29,Electronics
266178.6,356479.72,298889.61,800978.51,307766.3175,502515.125,37347.00276159005,-0.07863032565352734,1070.9558515283843,588.6023580786026,430,0.14020492343700003,229,2,473181.2506603774,245248.88999999998,2024-02-05,Electronics
245248.88999999998,266178.6,309517.34,828063.83,294356.1375,433048.9225,49310.907990255175,-0.11023503511065835,1029.3107075471698,588.3756132075472,365,0.1385789428582523,212,2,473181.2506603774,218213.87,2024-02-12,Electronics
218213.87,245248.88999999998,356479.72,815403.06,271530.26999999996,356817.6775,59939.966830030695,0.07772131991426567,992.2942616033755,541.0132489451477,426,0.13917634357696923,237,2,473181.2506603774,235173.74,2024-02-19,Electronics
235173.74,218213.87,266178.6,344610.33,241203.775,284289.0125,20041.63909758732,0.11297175441441731,980.3061048689138,558.3625468164794,479,0.13853794013150209,267,2,473181.2506603774,261741.73,2024-02-26,Electronics
261741.73,235173.74,245248.88999999998,298889.61,240094.5575,273930.4375,18240.487485316808,0.23900640528355943,1070.2959735973598,576.825808580858,573,0.13795004636640978,303,2,473181.2506603774,324299.68,2024-03-04,Electronics
324299.68,261741.73,218213.87,309517.34,259857.255,277106.69625,46546.839537965876,0.04891222834385789,1066.3382445141067,590.5308463949843,576,0.14047606811389798,319,2,473181.2506603774,340161.9,2024-03-11,Electronics
340161.9,324299.68,235173.74,356479.72,290344.2625,280937.26625,49988.86143271326,-0.07090776480258365,1000.1322151898735,563.9716455696203,561,0.13986893665414946,316,2,473181.2506603774,316041.78,2024-03-18,Electronics
316041.78,340161.9,261741.73,266178.6,310561.2725,275882.52375,34050.573570286244,0.04794597094093067,985.6985416666668,573.0669940476191,587,0.13954128511209798,336,2,473181.2506603774,331194.71,2024-03-25,Electronics
331194.71,316041.78,324299.68,245248.88999999998,327924.5175,284009.5375,10243.47901241626,0.1485118829343619,1047.8817079889807,587.9762258953168,647,0.13909267678387635,363,2,473181.2506603774,380381.06,2024-04-01,Electronics
380381.06,331194.71,340161.9,218213.87,341944.86250000005,300901.05875,27489.729568878625,-0.09251349160234212,983.4492307692308,555.6215384615384,635,0.1396875254081926,351,2,473181.2506603774,345190.68,2024-04-08,Electronics
345190.68,380381.06,316041.78,235173.74,343202.0575,316773.16,27495.999189003476,0.050274590264140384,987.8610354223433,572.651416893733,636,0.14168085593498803,367,2,473181.2506603774,362545.0,2024-04-15,Electronics
362545.0,345190.68,331194.71,261741.73,354827.8625,332694.5675,21322.29894808282,-0.08920426429822503,1009.7995107033639,573.7282262996943,579,0.1414834988835082,327,2,473181.2506603774,330204.44,2024-04-22,Electronics
330204.44,362545.0,380381.06,324299.68,354580.295,341252.40625,21690.72902686973,0.21328816777872528,1097.6250410958905,595.2427397260274,690,0.14132200155284852,365,2,473181.2506603774,400633.14,2024-04-29,Electronics
400633.14,330204.44,345190.68,340161.9,359643.315,350794.08875,30354.085661727473,-0.1078197375284532,950.6302659574468,559.8971276595745,641,0.13832448542867418,376,2,473181.2506603774,357436.98,2024-05-06,Electronics
357436.98,400633.14,362545.0,316041.78,362704.89,352953.47375,28997.74611267209,0.07376108649977953,1002.0937859007832,576.1713838120104,682,0.13931571807611817,383,2,473181.2506603774,383801.92,2024-05-13,Electronics
383801.92,357436.98,330204.44,331194.71,368019.12,361423.49124999996,30847.48929211888,0.027349732903889645,1068.560433604336,589.3356910569106,671,0.1382936314373379,369,2,473181.2506603774,394298.8,2024-05-20,Electronics
394298.8,383801.92,400633.14,380381.06,384042.71,369311.5025,19046.894745423895,-0.032622949904995924,1042.1737978142075,593.9679781420765,650,0.14275706755029646,366,2,473181.2506603774,381435.61,2024-05-27,Electronics
381435.61,394298.8,357436.98,345190.68,379243.32749999996,369443.32125,15575.3107152489,-0.0017276834745449943,1002.0437105263157,551.6405789473685,696,0.14292607045686317,380,2,473181.2506603774,380776.61,2024-06-03,Electronics
380776.61,381435.61,383801.92,362545.0,385078.235,373891.5625,6282.7937901719015,-0.05076504042619623,987.5586612021859,550.7522131147541,658,0.13896697492074492,366,2,473181.2506603774,361446.47000000003,2024-06-10,Electronics
361446.47000000003,380776.61,394298.8,330204.44,379489.3725,373754.24625,13543.882927848994,0.026388554852949664,976.275052631579,577.7890526315789,654,0.14186064059644996,380,2,473181.2506603774,370984.52,2024-06-17,Electronics
370984.52,361446.47000000003,381435.61,400633.14,373660.8025,378851.75625000003,9441.658655116984,0.03254912091749795,1067.018774373259,584.3210027855152,676,0.1420864262705529,359,2,473181.2506603774,383059.74,2024-06-24,Electronics
383059.74,370984.52,380776.61,357436.98,374066.835,376655.08125,9910.7298651825,-0.041980527632582865,983.8570777479893,557.3665683646113,663,0.14337266745703653,373,2,473181.2506603774,366978.69,2024-07-01,Electronics
366978.69,383059.74,361446.47000000003,383801.92,370617.355,377847.795,9170.473802566245,-0.06789516851782329,947.5418559556787,553.7096121883657,631,0.1412203865716222,361,2,473181.2506603774,342062.61,2024-07-08,Electronics
342062.61,366978.69,370984.52,394298.8,365771.39,372630.38125000003,17220.41029803068,0.0035065510375424935,1052.9511349693253,596.44,575,0.13855283460025278,326,2,473181.2506603774,343262.07,2024-07-15,Electronics
343262.07,342062.61,383059.74,381435.61,358840.77749999997,366250.79,19807.29492268305,0.06668790991093188,971.2294429708223,576.2987002652519,639,0.1417741910194899,377,2,473181.2506603774,366153.5,2024-07-22,Electronics
366153.5,343262.07,366978.69,380776.61,354614.2175,364340.52625,13813.632451478707,-0.016870083175498762,988.9463186813188,571.3901373626373,641,0.13925197935315167,364,2,473181.2506603774,359976.46,2024-07-29,Electronics
359976.46,366153.5,342062.61,361446.47000000003,352863.66000000003,361740.5075,12056.325901035822,0.035620218055369524,1044.2546218487396,623.3182352941176,612,0.138103494138669,357,2,473181.2506603774,372798.9,2024-08-05,Electronics
372798.9,359976.46,343262.07,370984.52,360547.7325,363159.56124999997,12657.490729604067,-0.08385279570299176,954.0186312849162,569.6927374301677,604,0.14379063823010668,358,2,473181.2506603774,341538.67,2024-08-12,Electronics
341538.67,372798.9,366153.5,383059.74,360116.88249999995,359478.82999999996,13446.734633174457,0.08409103425975162,1000.7000270270271,556.6595675675676,675,0.1406174303325986,370,2,473181.2506603774,370259.01,2024-08-19,Electronics
370259.01,341538.67,359976.46,366978.69,361143.26,357878.73875,14196.856614288075,-0.07486599718397124,992.8672463768116,583.6888695652174,610,0.14138492871860464,345,2,473181.2506603774,342539.2,2024-08-26,Electronics
342539.2,370259.01,372798.9,342062.61,356783.945,354823.80250000005,17062.505974081156,0.1728105863504088,1059.9831134564643,600.6335356200527,679,0.14238081509417075,379,2,473181.2506603774,401733.6,2024-09-02,Electronics
401733.6,342539.2,341538.67,343262.07,364017.62,362282.67624999996,28449.22855012161,-0.07950395485963824,991.4053351206435,576.567855227882,649,0.14281614294509906,373,2,473181.2506603774,369794.19,2024-09-09,Electronics
369794.19,401733.6,370259.01,366153.5,371081.5,365599.19125000003,24197.43636927931,0.12035875955757969,1078.911875,589.3725000000001,710,0.13952560543415155,384,2,473181.2506603774,414302.16,2024-09-16,Electronics
414302.16,369794.19,342539.2,359976.46,382092.2875,371617.77375,32346.802913069256,-0.05581868074257679,1010.7916279069767,569.5331524547803,684,0.14375405962920573,387,2,473181.2506603774,391176.36,2024-09-23,Electronics
391176.36,414302.16,401733.6,372798.9,394251.57749999996,375517.76125,18846.991672209835,0.5644450242340822,1014.8821061359868,578.8954726368158,1082,0.1396999744583301,603,2,473181.2506603774,611973.91,2024-09-30,Electronics
611973.91,391176.36,369794.19,341538.67,446811.655,405414.6375,111598.10886480572,0.13217342876594196,1038.7715142428785,578.7987556221889,1200,0.14146822161173445,667,2,473181.2506603774,692860.6,2024-10-07,Electronics
692860.6,611973.91,414302.16,370259.01,527578.2575000001,449329.87875,148186.62873734353,0.03870640068146458,1044.526473149492,600.876023222061,1206,0.14029930438923477,689,2,473181.2506603774,719678.74,2024-10-14,Electronics
719678.74,692860.6,391176.36,342539.2,603922.4025,493007.345,149036.0560607143,0.0066863445208900085,1026.1908781869688,575.1824787535411,1254,0.13917065841296988,706,2,473181.2506603774,724490.76,2024-10-21,Electronics
724490.76,719678.74,611973.91,401733.6,687251.0025000001,540751.2899999999,52078.35742863258,0.2797789857250905,1003.4502705627706,570.2918722943722,1661,0.1406182134939917,924,2,473181.2506603774,927188.05,2024-10-28,Electronics
927188.05,724490.76,692860.6,369794.19,766054.5375,606433.0962500001,108319.93280889741,0.26411319688600376,1071.3625685557586,591.8837751371115,2024,0.14193986630203767,1094,2,473181.2506603774,1172070.65,2024-11-04,Electronics
1172070.65,927188.05,719678.74,414302.16,885857.0499999999,706717.6537499999,213916.4842088148,-0.09590698308160861,1008.2406184586107,575.3503235014272,1877,0.14055029898861582,1051,2,473181.2506603774,1059660.89,2024-11-11,Electronics
1059660.89,1172070.65,724490.76,391176.36,970852.5874999999,787387.4949999999,192333.3609070584,0.12921099692562965,1044.136762652705,595.0754712041885,2051,0.1410084311249293,1146,2,473181.2506603774,1196580.73,2024-11-18,Electronics
1196580.73,1059660.89,927188.05,611973.91,1088875.0799999998,888063.04125,123177.61495380689,-0.06876987731534001,1002.9631143114311,570.299891989199,1975,0.14018866207909136,1111,2,473181.2506603774,1114292.02,2024-11-25,Electronics
1114292.02,1196580.73,1172070.65,692860.6,1135651.0725,950852.8049999999,61290.36288691062,-0.2841763777506008,1009.6665189873419,587.9576962025317,1379,0.14089412735710705,790,2,473181.2506603774,797636.55,2024-12-02,Electronics
797636.55,1114292.02,1059660.89,719678.74,1042042.5475,963949.7987500001,172382.06957545324,0.0029931426788303295,1075.301061827957,595.4436290322581,1364,0.14101978010021987,744,2,473181.2506603774,800023.99,2024-12-09,Electronics
800023.99,797636.55,1196580.73,724490.76,977133.3225,973992.955,208611.66470652272,0.04169356221430309,1040.4242696629212,588.6322347066167,1425,0.1396777296904316,801,2,473181.2506603774,833379.84,2024-12-16,Electronics
833379.84,800023.99,1114292.02,927188.05,886333.1000000001,987604.09,152845.9544804162,-0.09975512486599136,993.7032185430464,569.0386622516556,1330,0.1401298998982361,755,2,473181.2506603774,750245.93,2024-12-23,Electronics
750245.93,833379.84,797636.55,1172070.65,795321.5774999999,965486.325,34194.13752413545,-0.6881502842674535,1088.204558139535,565.4798604651163,417,0.14124539165414662,215,2,473181.2506603774,233963.98,2024-12-30,Electronics
205997.27,192828.04,291393.74,55404.81,227628.0775,225843.0775,43965.113840125865,0.03727170753282327,933.0792139737991,522.964847161572,408,0.2324800551876005,229,3,391725.0158490566,213675.14,2023-02-20,Home & Furniture
213675.14,205997.27,220293.26,279429.02999999997,208198.42750000002,245626.86875,11795.101515045475,0.03977261931359899,832.1107116104869,501.48423220973785,448,0.23525549178480362,267,3,391725.0158490566,222173.56,2023-02-27,Home & Furniture
222173.56,213675.14,192828.04,276089.82,208668.5025,238469.935,12456.708131467212,-0.0019200304482674957,778.0595789473684,492.71399999999994,451,0.2357121868591865,285,3,391725.0158490566,221746.98,2023-03-06,Home & Furniture
221746.98,222173.56,205997.27,285308.65,215898.23750000002,231677.08000000002,7671.566142600528,0.06677556555674391,863.3367153284672,518.7178832116789,449,0.240282328337344,274,3,391725.0158490566,236554.26,2023-03-13,Home & Furniture
236554.26,221746.98,213675.14,291393.74,223537.48500000002,225582.78125,9517.85129568483,0.11625857002110207,849.0537620578777,505.6488424437299,532,0.23228677384236812,311,3,391725.0158490566,264055.72,2023-03-20,Home & Furniture
264055.72,236554.26,222173.56,220293.26,236132.63,222165.52875,19846.740187349034,0.032363964696542125,833.6440672782874,511.63746177370035,541,0.23747793029821904,327,3,391725.0158490566,272601.61,2023-03-27,Home & Furniture
272601.61,264055.72,221746.98,192828.04,248739.6425,228704.0725,23671.805299887026,0.16688147953344812,893.5218258426967,539.6826123595506,604,0.24039232263628318,356,3,391725.0158490566,318093.77,2023-04-03,Home & Furniture
318093.77,272601.61,236554.26,205997.27,272826.33999999997,244362.28875,33871.218288731034,-0.10163213822138062,871.2354268292682,515.0412195121951,565,0.23620741330950532,328,3,391725.0158490566,285765.22,2023-04-10,Home & Furniture
285765.22,318093.77,264055.72,213675.14,285129.07999999996,254333.28249999997,23721.294703186,0.13818448585170717,940.0391329479768,523.7352023121388,638,0.23342760837136853,346,3,391725.0158490566,325253.54,2023-04-17,Home & Furniture
325253.54,285765.22,272601.61,222173.56,300428.535,268280.5825,25283.01117746918,-0.1413524046502307,848.8698176291792,534.7868389057751,538,0.2322631901568223,329,3,391725.0158490566,279278.17,2023-04-24,Home & Furniture
279278.17,325253.54,318093.77,221746.98,302097.675,275418.65875,22945.936705796765,0.10125227474814813,817.967340425532,512.0405319148936,615,0.2377720341325964,376,3,391725.0158490566,307555.72000000003,2023-05-01,Home & Furniture
307555.72000000003,279278.17,285765.22,236554.26,299463.1625,286144.75125,21021.42248153591,0.07801275814346731,867.9292931937173,526.6168062827225,637,0.23448919464700005,382,3,391725.0158490566,331548.99,2023-05-08,Home & Furniture
331548.99,307555.72000000003,325253.54,264055.72,310909.105,298019.09249999997,23406.04557384616,0.010872269585257888,859.3684102564102,518.0964102564103,658,0.2370576236291753,390,3,391725.0158490566,335153.68,2023-05-15,Home & Furniture
335153.68,331548.99,279278.17,272601.61,313384.14,306906.33749999997,25826.74528901768,0.05509296511379502,888.4881658291457,523.7562814070352,696,0.236307210075113,398,3,391725.0158490566,353618.29,2023-05-22,Home & Furniture
353618.29,335153.68,307555.72000000003,318093.77,331969.17,317033.4225,18929.858186204016,0.0580802537108589,959.375717948718,544.0659487179487,686,0.2336910732487473,390,3,391725.0158490566,374156.53,2023-05-29,Home & Furniture
374156.53,353618.29,331548.99,285765.22,348619.3725,324041.26749999996,19577.694983087764,-0.13611803060072214,890.4327272727273,527.6456473829201,614,0.23229654549159545,363,3,391725.0158490566,323227.08,2023-06-05,Home & Furniture
323227.08,374156.53,335153.68,325253.54,346538.895,328724.0,22255.452034274527,-0.0541696877625476,787.9329123711341,485.12801546391756,653,0.23645435175653223,388,3,391725.0158490566,305717.97000000003,2023-06-12,Home & Furniture
305717.97000000003,323227.08,353618.29,279278.17,339179.96749999997,326282.05375,30583.355915748554,0.062136975461402955,882.3759782608695,533.560054347826,618,0.2322147156444705,368,3,391725.0158490566,324714.36,2023-06-19,Home & Furniture
324714.36,305717.97000000003,374156.53,307555.72000000003,331953.98500000004,331961.5775,29427.619274965047,-0.0915381444787351,835.6674504249291,506.3593201133144,603,0.2368740989601056,353,3,391725.0158490566,294990.61,2023-06-26,Home & Furniture
294990.61,324714.36,323227.08,331548.99,312162.505,330390.93875,14333.874716080538,0.11836142852140275,898.926757493188,526.2714986376022,633,0.2346414498039183,367,3,391725.0158490566,329906.12,2023-07-03,Home & Furniture
329906.12,294990.61,305717.97000000003,335153.68,313832.265,330185.58,16305.812385323194,-0.18375885236684908,811.0932228915663,490.25466867469873,563,0.23467406361900803,332,3,391725.0158490566,269282.95,2023-07-10,Home & Furniture
269282.95,329906.12,324714.36,353618.29,304723.51,321951.73875,28193.146718414733,0.1215532955205667,867.8597126436781,519.2166379310345,599,0.22984354309500354,348,3,391725.0158490566,302015.18,2023-07-17,Home & Furniture
302015.18,269282.95,294990.61,374156.53,299048.71499999997,315501.35,24922.869953495054,-0.19236562877402386,799.7306229508197,497.1810491803279,513,0.23099170275964695,305,3,391725.0158490566,243917.84,2023-07-24,Home & Furniture
243917.84,302015.18,329906.12,323227.08,286280.5225,299221.51375000004,37568.987846195945,0.2509274434375117,879.3185014409222,519.5609221902017,597,0.23047185977803922,347,3,391725.0158490566,305123.52,2023-07-31,Home & Furniture
305123.52,243917.84,269282.95,305717.97000000003,280084.8725,296958.56875000003,29055.166065181707,0.059805288035481574,908.3469662921349,533.1348033707865,610,0.2318748848508177,356,3,391725.0158490566,323371.52,2023-08-07,Home & Furniture
323371.52,305123.52,302015.18,324714.36,293607.015,299165.2625,34439.64283669759,-0.13472667599175092,853.063262195122,508.04783536585364,552,0.23104607905557822,328,3,391725.0158490566,279804.75,2023-08-14,Home & Furniture
279804.75,323371.52,243917.84,294990.61,288054.40750000003,293551.56125,34422.60147260161,-0.02924957492680158,838.3351234567901,522.0746604938272,525,0.2342651184222724,324,3,391725.0158490566,271620.58,2023-08-21,Home & Furniture
271620.58,279804.75,305123.52,329906.12,294980.0925,290630.3075,23698.94597631902,0.12038491339647361,867.0074074074073,510.7416239316239,615,0.22841777659390133,351,3,391725.0158490566,304319.6,2023-08-28,Home & Furniture
304319.6,271620.58,323371.52,269282.95,294779.1125,287431.9925,23587.396551397684,0.10982904157339846,879.5383593749999,516.58703125,663,0.23214899928377494,384,3,391725.0158490566,337742.73,2023-09-04,Home & Furniture
337742.73,304319.6,279804.75,302015.18,298371.915,295989.46499999997,29697.416111186547,-0.15273924623040747,875.0952905198776,512.0372171253823,577,0.23526721902957598,327,3,391725.0158490566,286156.16,2023-09-11,Home & Furniture
286156.16,337742.73,271620.58,243917.84,299959.76749999996,294007.0875,28520.223952362085,0.1422146914467961,883.3831621621622,519.185054054054,638,0.2338678064157016,370,3,391725.0158490566,326851.77,2023-09-18,Home & Furniture
326851.77,286156.16,304319.6,305123.52,313767.56499999994,304373.82875,23077.107603095148,0.06750280104036133,878.8795465994962,531.3910579345088,663,0.23436298294148658,397,3,391725.0158490566,348915.18,2023-09-25,Home & Furniture
348915.18,326851.77,337742.73,323371.52,324916.46,309847.78625,27365.17278487018,0.6705110107275929,887.1638508371385,539.0745814307459,1088,0.23843653659101463,657,3,391725.0158490566,582866.65,2023-10-02,Home & Furniture
582866.65,348915.18,286156.16,279804.75,386197.44,342284.6775,133664.89357658455,-0.07445500613219158,837.6852639751554,511.0954192546584,1085,0.23631109436921438,644,3,391725.0158490566,539469.31,2023-10-09,Home & Furniture
539469.31,582866.65,326851.77,271620.58,449525.72750000004,374742.74750000006,130436.48743487758,0.11404793351451259,871.0067681159421,520.347188405797,1167,0.23445453209436054,690,3,391725.0158490566,600994.67,2023-10-16,Home & Furniture
600994.67,539469.31,348915.18,304319.6,518061.4525,415914.50875000004,115681.15670713324,-0.07289597094097366,834.1086526946107,515.2193862275449,1114,0.23502742597538395,668,3,391725.0158490566,557184.58,2023-10-23,Home & Furniture
557184.58,600994.67,582866.65,337742.73,570128.8025,447522.63125,27218.326619809857,0.4191191723216747,873.7141657458563,512.1396243093923,1554,0.2318577936867224,905,3,391725.0158490566,790711.32,2023-10-30,Home & Furniture
790711.32,557184.58,539469.31,286156.16,622089.97,504143.705,115350.27014532776,0.13615559468656646,853.1539316239316,510.0854320987654,1794,0.23110940343536784,1053,3,391725.0158490566,898371.09,2023-11-06,Home & Furniture
898371.09,790711.32,600994.67,326851.77,711815.415,580670.57125,160436.40106038592,0.03166496597747814,828.2555674709562,498.8998033958892,1866,0.23665601718589419,1119,3,391725.0158490566,926817.98,2023-11-13,Home & Furniture
926817.98,898371.09,557184.58,348915.18,793271.2424999999,655666.3474999999,167952.54732117266,0.0028997279487392724,897.206081081081,527.0080694980695,1777,0.23428413369988385,1036,3,391725.0158490566,929505.5,2023-11-20,Home & Furniture
929505.5,926817.98,790711.32,582866.65,886351.4724999999,728240.1375,65297.57089353338,-0.08142739338282556,877.511089414183,515.18147995889,1650,0.23613955067255155,973,3,391725.0158490566,853818.29,2023-11-27,Home & Furniture
853818.29,929505.5,898371.09,539469.31,902128.2150000001,762109.0925,35152.35919772608,-0.21111155864323317,874.7628311688312,515.2401948051948,1310,0.23121543346082624,770,3,391725.0158490566,673567.38,2023-12-04,Home & Furniture
673567.38,853818.29,926817.98,600994.67,845927.2875000001,778871.3512500001,120137.18182656635,0.00020716561422551294,862.6208962868118,519.5243790012804,1325,0.2341669865603232,781,3,391725.0158490566,673706.92,2023-12-11,Home & Furniture
673706.92,673567.38,929505.5,557184.58,782649.5225,787960.3825000001,129613.62588711228,0.021603904558379794,837.3012408759124,500.1903406326034,1394,0.2342802101292844,822,3,391725.0158490566,688261.62,2023-12-18,Home & Furniture
688261.62,673706.92,853818.29,790711.32,722338.5525,804345.0125000001,87923.8717078933,-0.07140367641014189,836.5408507853402,522.6481282722513,1259,0.2379233275744496,764,3,391725.0158490566,639117.21,2023-12-25,Home & Furniture
639117.21,688261.62,673567.38,898371.09,668663.2825,785395.74875,20869.06549944176,-0.5482552722997398,902.2432187500001,530.7886875,545,0.2254792874418145,320,3,391725.0158490566,288717.83,2024-01-01,Home & Furniture
288717.83,639117.21,673706.92,926817.98,572450.895,709189.09125,190275.02582122147,0.058629423752595944,880.8218731988472,536.9967435158501,580,0.23410559201524914,347,3,391725.0158490566,305645.19,2024-01-08,Home & Furniture
305645.19,288717.83,688261.62,929505.5,480435.4625,631542.4924999999,212664.75864052444,-0.02485208420914453,889.6993134328359,516.3269253731343,583,0.23246541996925557,335,3,391725.0158490566,298049.27,2024-01-15,Home & Furniture
298049.27,305645.19,639117.21,853818.29,382882.375,552610.46375,170963.43727358693,0.03143691645344404,868.4153107344633,513.0323728813559,616,0.23265558054694266,354,3,391725.0158490566,307419.02,2024-01-22,Home & Furniture
307419.02,298049.27,288717.83,673567.38,299957.8275,484310.555,8524.388956767832,-0.17795261984765942,880.5331010452961,528.4533797909407,479,0.23648359804435118,287,3,391725.0158490566,252713.0,2024-01-29,Home & Furniture
252713.0,307419.02,305645.19,673706.92,290956.62,431703.7575,25817.59643557931,-0.1690120413275139,882.359075630252,525.8446638655462,408,0.23551929553406417,238,3,391725.0158490566,210001.46,2024-02-05,Home & Furniture
210001.46,252713.0,298049.27,688261.62,267045.6875,373740.57499999995,44909.90212649383,-0.007515709652685221,883.148940677966,509.28097457627115,420,0.23484802689137646,236,3,391725.0158490566,208423.15,2024-02-12,Home & Furniture
208423.15,210001.46,307419.02,639117.21,244639.1575,313760.76625,46611.398304044116,0.01920400876774009,860.0231174089068,538.1957894736842,407,0.2324563649139501,247,3,391725.0158490566,212425.71,2024-02-19,Home & Furniture
212425.71,208423.15,252713.0,288717.83,220890.83,260424.32875000002,21278.550888175596,0.08995111749891294,880.3560456273765,504.70235741444867,460,0.23498579533590208,263,3,391725.0158490566,231533.64,2024-02-26,Home & Furniture
231533.64,212425.71,210001.46,305645.19,215595.99,253276.30500000002,10751.864371460255,-0.007198694755544022,812.2505300353357,514.311519434629,459,0.241654748605995,283,3,391725.0158490566,229866.9,2024-03-04,Home & Furniture
229866.9,231533.64,208423.15,298049.27,220562.35,243804.01875,11839.326305377836,0.08804799647100126,859.4715463917526,530.8771134020618,485,0.22980427025165948,291,3,391725.0158490566,250106.22,2024-03-11,Home & Furniture
250106.22,229866.9,212425.71,307419.02,230983.1175,237811.13749999998,15401.509004816386,0.056609787633430386,836.2806329113923,507.16186708860755,542,0.23547575732208856,316,3,391725.0158490566,264264.68,2024-03-18,Home & Furniture
264264.68,250106.22,231533.64,252713.0,243942.86000000002,232416.84500000003,16361.385083293508,-0.029018785257265534,855.3201333333334,519.7158999999999,510,0.23194239852342818,300,3,391725.0158490566,256596.04,2024-03-25,Home & Furniture
256596.04,264264.68,229866.9,210001.46,250208.46000000002,232902.225,14744.128946753292,0.18741497335656465,885.7150581395348,508.43523255813955,606,0.2335440868249136,344,3,391725.0158490566,304685.98,2024-04-01,Home & Furniture
304685.98,256596.04,250106.22,208423.15,268913.23,244737.78999999998,24540.547768273103,-0.15293650859813102,796.5690432098766,510.01682098765434,531,0.23862054368079696,324,3,391725.0158490566,258088.37,2024-04-08,Home & Furniture
258088.37,304685.98,264264.68,212425.71,270908.7675,250945.9425,22761.522675519453,0.23464528835607745,851.9989037433156,500.3074064171123,648,0.2379813665686995,374,3,391725.0158490566,318647.59,2024-04-15,Home & Furniture
318647.59,258088.37,256596.04,231533.64,284504.495,264223.6775,31883.834950678898,-0.17174863930400364,843.1958466453674,518.9595527156549,532,0.2324603828264933,313,3,391725.0158490566,263920.3,2024-04-22,Home & Furniture
263920.3,318647.59,304685.98,229866.9,286335.56,268272.01,29895.110083203148,0.18629313470771303,819.5990575916231,499.4610471204188,629,0.2345924379918636,382,3,391725.0158490566,313086.84,2024-04-29,Home & Furniture
313086.84,263920.3,258088.37,250106.22,288435.775,278674.5025,31845.472079703926,-0.003352264822117923,874.0540336134453,521.0145658263306,605,0.24101651348014796,357,3,391725.0158490566,312037.29,2024-05-06,Home & Furniture
312037.29,313086.84,318647.59,264264.68,301923.005,286415.88625,25500.635964012195,-0.19073473558240417,762.9031419939577,485.49540785498493,524,0.23647043912027363,331,3,391725.0158490566,252520.94,2024-05-13,Home & Furniture
252520.94,312037.29,263920.3,256596.04,285391.34249999997,284947.91875,31720.215039695515,0.29972417336954305,870.5771087533157,511.9659151193634,655,0.2366964645012258,377,3,391725.0158490566,328207.57,2024-05-20,Home & Furniture
328207.57,252520.94,313086.84,304685.98,301463.16000000003,293899.36,33454.08060199987,0.1254839125130478,883.7137320574163,514.2344497607655,731,0.2344322143567777,418,3,391725.0158490566,369392.34,2024-05-27,Home & Furniture
369392.34,328207.57,312037.29,258088.37,315539.535,301987.655,48456.89752396049,-0.21447770140550293,831.4209742120344,533.3355014326647,560,0.23397826791771847,349,3,391725.0158490566,290165.92,2024-06-03,Home & Furniture
290165.92,369392.34,252520.94,318647.59,310071.6925,305997.34875,50186.91119090646,0.2598249649717652,902.6130123456791,524.3722962962963,704,0.23631928371466812,405,3,391725.0158490566,365558.27,2024-06-10,Home & Furniture
365558.27,290165.92,328207.57,263920.3,338331.025,311861.18375,37096.67478636887,-0.15056983938566082,860.155734072022,514.4056509695291,615,0.2358142521537419,361,3,391725.0158490566,310516.22,2024-06-17,Home & Furniture
310516.22,365558.27,369392.34,313086.84,333908.1875,317685.67374999996,39671.24445767666,0.019062643490894038,881.4358774373259,519.0061002785516,619,0.231814109779833,359,3,391725.0158490566,316435.48,2024-06-24,Home & Furniture
316435.48,310516.22,290165.92,312037.29,320668.9725,318104.25375000003,31971.26878899557,-0.07559784383217705,805.822699724518,490.01264462809917,622,0.23558071668213348,363,3,391725.0158490566,292513.64,2024-07-01,Home & Furniture
292513.64,316435.48,365558.27,252520.94,321255.90249999997,315663.7975,31237.769195867175,-0.00912774529078364,818.767372881356,492.61124293785315,589,0.23280268634106419,354,3,391725.0158490566,289843.65,2024-07-08,Home & Furniture
289843.65,292513.64,310516.22,328207.57,302327.2475,320329.13625,13143.42159390495,0.015747593573293583,884.108078078078,510.88567567567566,578,0.2412440247282463,333,3,391725.0158490566,294407.99,2024-07-15,Home & Furniture
294407.99,289843.65,316435.48,369392.34,298300.19,316104.18875,12234.312320923515,-0.00889806013756611,865.8407418397627,530.6316913946588,571,0.23676788776013058,337,3,391725.0158490566,291788.33,2024-07-22,Home & Furniture
291788.33,294407.99,292513.64,290165.92,292138.4025,306403.6875,1886.8201108896944,-0.015640104592257065,811.3692937853107,503.8000847457627,575,0.23694678307043038,354,3,391725.0158490566,287224.73,2024-07-29,Home & Furniture
287224.73,291788.33,289843.65,365558.27,290816.175,306036.03875,3038.119067306684,-0.11500768057123767,833.4153442622951,512.0699016393443,515,0.23499672547472247,305,3,391725.0158490566,254191.68,2024-08-05,Home & Furniture
254191.68,287224.73,294407.99,310516.22,281903.1825,292115.21499999997,18711.249649257916,0.222008525220023,887.4982857142858,529.353257142857,594,0.22986951215377044,350,3,391725.0158490566,310624.4,2024-08-12,Home & Furniture
310624.4,254191.68,291788.33,316435.48,285957.28500000003,292128.7375,23474.296056600535,-0.09470720909239583,836.9227083333334,500.01053571428577,573,0.23838274155884462,336,3,391725.0158490566,281206.03,2024-08-19,Home & Furniture
281206.03,310624.4,287224.73,292513.64,283311.70999999996,287725.05625,23192.705721262817,-0.03316518497131804,836.5531692307693,505.3912,538,0.2281293283761338,325,3,391725.0158490566,271879.78,2024-08-26,Home & Furniture
271879.78,281206.03,254191.68,289843.65,279475.47250000003,285145.82375,23595.304768803486,0.1893020878566254,833.3690463917526,507.50536082474224,658,0.23319837985926026,388,3,391725.0158490566,323347.19,2024-09-02,Home & Furniture
323347.19,271879.78,310624.4,294407.99,296764.35000000003,289333.76625,24221.55729768358,-0.07709381980403174,833.5729608938548,520.7799162011173,571,0.23751448374816622,358,3,391725.0158490566,298419.12,2024-09-09,Home & Furniture
298419.12,323347.19,281206.03,291788.33,293713.03,289835.15750000003,22608.601435115364,0.12421057337076791,855.8314540816326,521.2049489795918,657,0.228032765898061,392,3,391725.0158490566,335485.93,2024-09-16,Home & Furniture
335485.93,298419.12,271879.78,287224.73,307283.005,295297.3575,28198.225806855404,0.04537287152400116,890.1215482233503,511.34571065989843,690,0.2336923397571596,394,3,391725.0158490566,350707.89,2024-09-23,Home & Furniture
350707.89,335485.93,323347.19,254191.68,326990.0325,303232.7525,22092.867486158077,0.5604620129875035,864.5597788309636,515.5186097946288,1071,0.23116897176131557,633,3,391725.0158490566,547266.34,2024-09-30,Home & Furniture
547266.34,350707.89,298419.12,310624.4,382969.82,339867.08499999996,111710.51769560018,0.058524209619762235,856.9447781065089,501.2100887573965,1164,0.2339390256530536,676,3,391725.0158490566,579294.67,2024-10-07,Home & Furniture
579294.67,547266.34,335485.93,281206.03,453188.7075,373450.86875,127944.74914527102,-0.004374785633708744,871.239244712991,519.2272356495469,1123,0.23411624605233872,662,3,391725.0158490566,576760.38,2024-10-14,Home & Furniture
576760.38,579294.67,350707.89,271879.78,513507.32,410395.16250000003,109502.28438876088,-0.009595787422152613,860.2799849397591,514.175813253012,1123,0.23732875843773993,664,3,391725.0158490566,571225.91,2024-10-21,Home & Furniture
571225.91,576760.38,547266.34,323347.19,568636.8250000001,447813.42874999996,14639.931650049642,0.2842298592513073,864.0581507656066,519.5510129564193,1441,0.2344511138416095,849,3,391725.0158490566,733585.37,2024-10-28,Home & Furniture
733585.37,571225.91,579294.67,298419.12,615216.5825,499093.20125,78984.41287072827,0.22906845865805647,815.2139602169982,510.25143761301985,1829,0.23617025245378243,1106,3,391725.0158490566,901626.64,2024-11-04,Home & Furniture
901626.64,733585.37,576760.38,335485.93,695799.5750000001,574494.14125,156505.03181269334,0.08488194182017517,876.4860752688172,526.1914605734768,1920,0.23452818345267581,1116,3,391725.0158490566,978158.46,2024-11-11,Home & Furniture
978158.46,901626.64,571225.91,350707.89,796149.095,654828.2075,181436.47215425945,-0.06609365725876348,837.3129147571036,515.554390467461,1818,0.23540530611024416,1091,3,391725.0158490566,913508.39,2024-11-18,Home & Furniture
913508.39,978158.46,733585.37,547266.34,881719.7150000001,725178.2699999999,104324.8471952956,0.019232062006568018,847.2038580527753,510.46039126478615,1822,0.23439615903412225,1099,3,391725.0158490566,931077.04,2024-11-25,Home & Furniture
931077.04,913508.39,901626.64,579294.67,931092.6325000001,773154.6074999999,33628.57247289728,-0.26963837492974807,853.2282810539523,513.033626097867,1329,0.23545791449301678,797,3,391725.0158490566,680022.94,2024-12-02,Home & Furniture
680022.94,931077.04,978158.46,576760.38,875691.7075,785745.64125,133270.82510725633,0.027704241859840772,855.4008078335373,505.9414932680539,1390,0.23135309764520948,817,3,391725.0158490566,698862.46,2024-12-09,Home & Furniture
698862.46,680022.94,913508.39,571225.91,805867.7075,801008.40125,134846.73024564673,-0.0125670507470097,855.1174969021065,512.3458488228005,1347,0.23286480859969422,807,3,391725.0158490566,690079.82,2024-12-16,Home & Furniture
690079.82,698862.46,931077.04,733585.37,750010.5650000001,815865.1399999999,120956.13373369737,-0.05372136516033743,842.5906967741936,500.25846451612904,1344,0.23366089639642332,775,3,391725.0158490566,653007.79,2024-12-23,Home & Furniture
653007.79,690079.82,680022.94,901626.64,680493.2525,805792.9424999999,19874.622875219287,-0.7126165217722747,933.65,529.7457711442786,363,0.23311040036548908,201,3,391725.0158490566,187663.65,2024-12-30,Home & Furniture
